pass2_index,paper_id,assigned_agent,first_pass_classification,source_lane
0,arxiv:0710.3742,1,HIGH,A2
1,arxiv:0811.4413,2,MEDIUM,A2
2,arxiv:0905.2592,3,HIGH,A2
3,arxiv:1003.0146,4,MEDIUM,A5
4,arxiv:1011.0686,5,HIGH,A1 | A2 | A3 | A4 | A5 | A6 | A8
5,arxiv:1103.5708,6,HIGH,A8
6,arxiv:1106.0681,7,MEDIUM,A8
7,arxiv:1106.1822,8,HIGH,A2
8,arxiv:1106.4573,9,MEDIUM,A3
9,arxiv:1112.1217,10,HIGH,A8
10,arxiv:1201.6583,11,MEDIUM,A8
11,arxiv:1202.5933,12,MEDIUM,A4
12,arxiv:1205.0314,13,MEDIUM,A4
13,arxiv:1205.4839,1,MEDIUM,A5
14,arxiv:1206.6389,2,MEDIUM,A4
15,arxiv:1206.6473,3,MEDIUM,A2
16,arxiv:1207.4708,4,MEDIUM,A2 | A5 | A8
17,arxiv:1207.6083,5,MEDIUM,A4 | A5
18,arxiv:1211.1323,6,MEDIUM,A4
19,arxiv:1301.2603,7,MEDIUM,A4
20,arxiv:1301.4862,8,HIGH,A2
21,arxiv:1301.7381,9,MEDIUM,A2
22,arxiv:1306.0940,10,HIGH,A8
23,arxiv:1306.4265,11,MEDIUM,A4
24,arxiv:1310.1531,12,MEDIUM,A4
25,arxiv:1310.1863,13,MEDIUM,A8
26,arxiv:1312.2249,1,MEDIUM,A5
27,arxiv:1312.6034,2,MEDIUM,A4
28,arxiv:1312.6229,3,MEDIUM,A5
29,arxiv:1401.3439,4,MEDIUM,A6
30,arxiv:1402.0567,5,MEDIUM,A4
31,arxiv:1406.2462,6,MEDIUM,A3
32,arxiv:1406.2541,7,HIGH,A8
33,arxiv:1406.4729,8,MEDIUM,A5
34,arxiv:1407.1208,9,HIGH,A1
35,arxiv:1408.2156,10,MEDIUM,A2
36,arxiv:1408.3060,11,MEDIUM,A4
37,arxiv:1409.0575,12,MEDIUM,A4 | A5
38,arxiv:1409.3136,13,MEDIUM,A1
39,arxiv:1411.4357,1,MEDIUM,A4
40,arxiv:1411.7766,2,MEDIUM,A4
41,arxiv:1412.1193,3,MEDIUM,A3 | A4
42,arxiv:1412.6980,4,MEDIUM,A1 | A2 | A4 | A5 | A8
43,arxiv:1502.05477,5,MEDIUM,A2 | A5 | A8
44,arxiv:1503.01161,6,MEDIUM,A4
45,arxiv:1503.02406,7,MEDIUM,A5
46,arxiv:1503.03167,8,MEDIUM,A2
47,arxiv:1503.03585,9,MEDIUM,A3 | A5
48,arxiv:1503.05671,10,MEDIUM,A4
49,arxiv:1504.00702,11,HIGH,A5 | A7
50,arxiv:1505.04597,12,MEDIUM,A1 | A4 | A5
51,arxiv:1505.06897,13,MEDIUM,A1
52,arxiv:1506.02142,1,HIGH,A1 | A4 | A8
53,arxiv:1506.04714,2,HIGH,A1
54,arxiv:1506.08941,3,HIGH,A2
55,arxiv:1507.00504,4,MEDIUM,A1
56,arxiv:1507.00814,5,HIGH,A2 | A8
57,arxiv:1507.01279,6,MEDIUM,A1
58,arxiv:1509.01626,7,MEDIUM,A4
59,arxiv:1509.02971,8,MEDIUM,A2 | A5 | A6 | A8
60,arxiv:1509.06825,9,HIGH,A4 | A5 | A6 | A7 | A8
61,arxiv:1509.08731,10,HIGH,A2 | A8
62,arxiv:1510.09142,11,MEDIUM,A5
63,arxiv:1511.02283,12,MEDIUM,A4
64,arxiv:1511.03722,13,HIGH,A4 | A5
65,arxiv:1511.05298,1,HIGH,A1
66,arxiv:1511.06362,2,HIGH,A2
67,arxiv:1511.06418,3,HIGH,A2
68,arxiv:1511.06581,4,HIGH,A2
69,arxiv:1512.03012,5,MEDIUM,A7
70,arxiv:1512.03216,6,MEDIUM,A1
71,arxiv:1512.03385,7,MEDIUM,A1 | A4 | A5 | A8
72,arxiv:1601.00617,8,MEDIUM,A4
73,arxiv:1601.01006,9,MEDIUM,A1
74,arxiv:1601.05484,10,MEDIUM,A4
75,arxiv:1602.01407,11,MEDIUM,A4
76,arxiv:1602.03351,12,HIGH,A2
77,arxiv:1602.03943,13,MEDIUM,A4
78,arxiv:1602.04621,1,HIGH,A8
79,arxiv:1602.04938,2,MEDIUM,A4
80,arxiv:1602.06822,3,HIGH,A2
81,arxiv:1602.07043,4,MEDIUM,A4
82,arxiv:1602.07332,5,MEDIUM,A4
83,arxiv:1603.00448,6,HIGH,A5 | A6
84,arxiv:1603.00964,7,HIGH,A2
85,arxiv:1603.02199,8,HIGH,A4 | A5 | A6 | A8
86,arxiv:1603.06277,9,MEDIUM,A2
87,arxiv:1603.06348,10,MEDIUM,A5
88,arxiv:1603.08561,11,HIGH,A1
89,arxiv:1604.04038,12,MEDIUM,A4 | A5
90,arxiv:1604.04574,13,MEDIUM,A1
91,arxiv:1604.06057,1,HIGH,A2
92,arxiv:1604.07255,2,HIGH,A2
93,arxiv:1604.07316,3,MEDIUM,A1 | A3
94,arxiv:1605.05538,4,HIGH,A7
95,arxiv:1605.06676,5,MEDIUM,A8
96,arxiv:1605.07700,6,MEDIUM,A2
97,arxiv:1605.09674,7,HIGH,A8
98,arxiv:1606.01540,8,MEDIUM,A4
99,arxiv:1606.01601,9,MEDIUM,A1
100,arxiv:1606.03476,10,HIGH,A3 | A5 | A6
101,arxiv:1606.03558,11,MEDIUM,A1
102,arxiv:1606.04695,12,HIGH,A2
103,arxiv:1606.07419,13,HIGH,A1 | A6 | A8
104,arxiv:1607.01883,1,HIGH,A8
105,arxiv:1607.07939,2,HIGH,A6
106,arxiv:1607.08584,3,HIGH,A1
107,arxiv:1608.00272,4,MEDIUM,A4
108,arxiv:1608.05167,5,MEDIUM,A4
109,arxiv:1609.05140,6,HIGH,A2
110,arxiv:1609.08201,7,MEDIUM,A1
111,arxiv:1610.00529,8,MEDIUM,A5
112,arxiv:1610.00673,9,MEDIUM,A5
113,arxiv:1610.00696,10,HIGH,A1 | A4 | A8
114,arxiv:1610.00850,11,HIGH,A6
115,arxiv:1610.02080,12,MEDIUM,A4
116,arxiv:1610.03557,13,HIGH,A2
117,arxiv:1610.05182,1,HIGH,A2 | A5
118,arxiv:1611.00712,2,HIGH,A2
119,arxiv:1611.01796,3,HIGH,A2
120,arxiv:1611.04201,4,MEDIUM,A8
121,arxiv:1611.04717,5,HIGH,A8
122,arxiv:1611.06067,6,HIGH,A1
123,arxiv:1611.07476,7,MEDIUM,A4
124,arxiv:1611.07507,8,HIGH,A2 | A8
125,arxiv:1612.00593,9,MEDIUM,A4
126,arxiv:1612.01474,10,HIGH,A8
127,arxiv:1612.06699,11,HIGH,A3 | A4
128,arxiv:1701.06049,12,HIGH,A6
129,arxiv:1701.06393,13,MEDIUM,A1
130,arxiv:1701.07790,1,HIGH,A6
131,arxiv:1702.01182,2,MEDIUM,A6
132,arxiv:1702.07475,3,HIGH,A1
133,arxiv:1702.08635,4,MEDIUM,A4
134,arxiv:1703.00121,5,MEDIUM,A4
135,arxiv:1703.00727,6,HIGH,A6
136,arxiv:1703.00956,7,HIGH,A2
137,arxiv:1703.01030,8,MEDIUM,A6
138,arxiv:1703.01161,9,HIGH,A2
139,arxiv:1703.01260,10,HIGH,A8
140,arxiv:1703.01310,11,HIGH,A8
141,arxiv:1703.01541,12,HIGH,A1
142,arxiv:1703.01703,13,HIGH,A1
143,arxiv:1703.02018,1,MEDIUM,A1 | A5
144,arxiv:1703.03078,2,HIGH,A1
145,arxiv:1703.04122,3,MEDIUM,A1
146,arxiv:1703.04730,4,HIGH,A3
147,arxiv:1703.05407,5,HIGH,A5 | A8
148,arxiv:1703.06907,6,MEDIUM,A4
149,arxiv:1703.07015,7,MEDIUM,A1
150,arxiv:1703.08132,8,HIGH,A1
151,arxiv:1703.08294,9,HIGH,A2
152,arxiv:1703.09312,10,HIGH,A4 | A7
153,arxiv:1703.09327,11,HIGH,A3 | A6 | A8
154,arxiv:1703.09788,12,HIGH,A1
155,arxiv:1703.11000,13,HIGH,A6
156,arxiv:1704.02971,1,MEDIUM,A1
157,arxiv:1704.03012,2,HIGH,A2
158,arxiv:1704.03617,3,HIGH,A2
159,arxiv:1704.05588,4,MEDIUM,A6
160,arxiv:1704.06888,5,HIGH,A1 | A8
161,arxiv:1705.02233,6,MEDIUM,A5
162,arxiv:1705.05363,7,MEDIUM,A2
163,arxiv:1705.05681,8,MEDIUM,A1
164,arxiv:1705.07874,9,MEDIUM,A4
165,arxiv:1705.08848,10,MEDIUM,A1
166,arxiv:1705.10941,11,MEDIUM,A4
167,arxiv:1706.03741,12,MEDIUM,A8
168,arxiv:1706.03762,13,MEDIUM,A1 | A4 | A5
169,arxiv:1706.04261,1,MEDIUM,A1 | A7
170,arxiv:1706.04317,2,MEDIUM,A1
171,arxiv:1706.04652,3,MEDIUM,A5
172,arxiv:1706.04711,4,MEDIUM,A3
173,arxiv:1706.05064,5,HIGH,A2
174,arxiv:1706.08090,6,HIGH,A8
175,arxiv:1707.01495,7,HIGH,A2 | A6 | A8
176,arxiv:1707.02201,8,MEDIUM,A5
177,arxiv:1707.02267,9,MEDIUM,A1 | A5
178,arxiv:1707.02747,10,HIGH,A3 | A6
179,arxiv:1707.02920,11,HIGH,A6
180,arxiv:1707.04991,12,MEDIUM,A6
181,arxiv:1707.04993,13,MEDIUM,A4
182,arxiv:1707.06347,1,HIGH,A1 | A2 | A4 | A6 | A7 | A8
183,arxiv:1707.08110,2,MEDIUM,A1
184,arxiv:1707.08817,3,HIGH,A5 | A6
185,arxiv:1708.02190,4,HIGH,A8
186,arxiv:1708.05144,5,MEDIUM,A3
187,arxiv:1709.04571,6,MEDIUM,A2
188,arxiv:1709.04905,7,MEDIUM,A1 | A4
189,arxiv:1709.06166,8,MEDIUM,A6
190,arxiv:1709.06683,9,MEDIUM,A6
191,arxiv:1709.07857,10,MEDIUM,A4
192,arxiv:1709.10087,11,MEDIUM,A5
193,arxiv:1709.10089,12,HIGH,A6
194,arxiv:1710.01688,13,MEDIUM,A4
195,arxiv:1710.01813,1,HIGH,A2
196,arxiv:1710.04615,2,HIGH,A4 | A5 | A7
197,arxiv:1710.05268,3,MEDIUM,A6
198,arxiv:1710.05421,4,HIGH,A2
199,arxiv:1710.09767,5,HIGH,A2
200,arxiv:1710.11248,6,MEDIUM,A6
201,arxiv:1711.00073,7,MEDIUM,A1
202,arxiv:1711.01458,8,HIGH,A1
203,arxiv:1711.02209,9,MEDIUM,A1
204,arxiv:1711.08569,10,HIGH,A1
205,arxiv:1711.09156,11,MEDIUM,A1
206,arxiv:1711.10306,12,MEDIUM,A3
207,arxiv:1711.11053,13,MEDIUM,A1
208,arxiv:1712.00004,1,HIGH,A2
209,arxiv:1712.05080,2,HIGH,A1
210,arxiv:1712.09716,3,HIGH,A8
211,arxiv:1801.01290,4,MEDIUM,A2 | A8
212,arxiv:1802.01557,5,HIGH,A1 | A4 | A5
213,arxiv:1802.01744,6,HIGH,A3
214,arxiv:1802.03676,7,MEDIUM,A1
215,arxiv:1802.05313,8,HIGH,A6
216,arxiv:1802.05642,9,MEDIUM,A4
217,arxiv:1802.06070,10,HIGH,A2 | A8
218,arxiv:1802.06604,11,HIGH,A2
219,arxiv:1802.09419,12,MEDIUM,A4
220,arxiv:1802.09564,13,HIGH,A4 | A5
221,arxiv:1802.10567,1,MEDIUM,A2 | A5
222,arxiv:1803.01840,2,HIGH,A2
223,arxiv:1803.02603,3,MEDIUM,A1
224,arxiv:1803.08842,4,MEDIUM,A1
225,arxiv:1803.10122,5,MEDIUM,A4
226,arxiv:1803.10699,6,HIGH,A1
227,arxiv:1805.04687,7,HIGH,A7
228,arxiv:1805.04969,8,HIGH,A1
229,arxiv:1805.08125,9,MEDIUM,A4
230,arxiv:1805.08296,10,HIGH,A2
231,arxiv:1805.09843,11,MEDIUM,A4
232,arxiv:1805.11592,12,HIGH,A3 | A4
233,arxiv:1805.11643,13,MEDIUM,A3
234,arxiv:1806.00685,1,HIGH,A1
235,arxiv:1806.01794,2,HIGH,A1
236,arxiv:1806.03107,3,MEDIUM,A2
237,arxiv:1806.03884,4,MEDIUM,A4
238,arxiv:1806.04166,5,HIGH,A1
239,arxiv:1806.05358,6,MEDIUM,A3
240,arxiv:1806.10293,7,HIGH,A4 | A5 | A7 | A8
241,arxiv:1807.04863,8,MEDIUM,A2
242,arxiv:1807.07049,9,HIGH,A7
243,arxiv:1807.08364,10,HIGH,A6
244,arxiv:1807.10299,11,HIGH,A2 | A8
245,arxiv:1807.11293,12,MEDIUM,A1
246,arxiv:1809.02070,13,HIGH,A5
247,arxiv:1809.03371,1,MEDIUM,A1
248,arxiv:1809.03979,2,HIGH,A6
249,arxiv:1809.05819,3,HIGH,A4
250,arxiv:1809.06268,4,HIGH,A1
251,arxiv:1809.08875,5,HIGH,A1
252,arxiv:1810.00466,6,HIGH,A6
253,arxiv:1810.01257,7,HIGH,A2
254,arxiv:1810.02890,8,HIGH,A6 | A8
255,arxiv:1810.03043,9,HIGH,A6
256,arxiv:1810.05687,10,MEDIUM,A1 | A4 | A5
257,arxiv:1810.06045,11,MEDIUM,A5
258,arxiv:1810.06284,12,HIGH,A8
259,arxiv:1810.07121,13,HIGH,A4 | A5 | A8
260,arxiv:1810.11583,1,HIGH,A2
261,arxiv:1810.12162,2,HIGH,A8
262,arxiv:1810.12894,3,HIGH,A8
263,arxiv:1810.13400,4,HIGH,A3
264,arxiv:1811.02790,5,HIGH,A4 | A5 | A7 | A8
265,arxiv:1811.04324,6,HIGH,A2
266,arxiv:1811.04869,7,HIGH,A1
267,arxiv:1811.05890,8,MEDIUM,A3
268,arxiv:1811.06272,9,HIGH,A8
269,arxiv:1811.08086,10,HIGH,A2
270,arxiv:1811.11359,11,HIGH,A8
271,arxiv:1812.00568,12,HIGH,A7
272,arxiv:1812.01483,13,HIGH,A2
273,arxiv:1812.02690,1,HIGH,A8
274,arxiv:1812.03565,2,MEDIUM,A4
275,arxiv:1812.05159,3,MEDIUM,A4
276,arxiv:1812.05905,4,MEDIUM,A6
277,arxiv:1812.07252,5,MEDIUM,A1 | A4
278,arxiv:1901.09387,6,HIGH,A3 | A6
279,arxiv:1901.10113,7,HIGH,A2
280,arxiv:1901.10995,8,MEDIUM,A8
281,arxiv:1902.00183,9,HIGH,A2
282,arxiv:1902.01554,10,MEDIUM,A8
283,arxiv:1902.09641,11,HIGH,A1
284,arxiv:1902.10275,12,MEDIUM,A3
285,arxiv:1903.01454,13,MEDIUM,A1
286,arxiv:1903.02874,1,HIGH,A1
287,arxiv:1903.03642,2,MEDIUM,A3
288,arxiv:1903.03698,3,HIGH,A8
289,arxiv:1903.07438,4,HIGH,A2
290,arxiv:1903.08225,5,MEDIUM,A1
291,arxiv:1903.11027,6,MEDIUM,A1
292,arxiv:1904.01201,7,MEDIUM,A4
293,arxiv:1904.01693,8,MEDIUM,A1
294,arxiv:1904.02868,9,HIGH,A3
295,arxiv:1904.03597,10,MEDIUM,A1
296,arxiv:1904.04689,11,HIGH,A1
297,arxiv:1904.05869,12,MEDIUM,A2
298,arxiv:1904.06387,13,HIGH,A3 | A6 | A8
299,arxiv:1904.07846,1,HIGH,A1
300,arxiv:1904.08405,2,HIGH,A1
301,arxiv:1905.02780,3,HIGH,A3
302,arxiv:1905.04411,4,HIGH,A8
303,arxiv:1905.07088,5,MEDIUM,A3
304,arxiv:1905.12149,6,MEDIUM,A4
305,arxiv:1905.12310,7,HIGH,A6
306,arxiv:1905.12888,8,HIGH,A3 | A4 | A8
307,arxiv:1905.13289,9,MEDIUM,A4
308,arxiv:1906.00949,10,MEDIUM,A5
309,arxiv:1906.01728,11,HIGH,A8
310,arxiv:1906.04161,12,HIGH,A8
311,arxiv:1906.05030,13,HIGH,A8
312,arxiv:1906.05274,1,HIGH,A8
313,arxiv:1906.05838,2,HIGH,A6
314,arxiv:1906.05862,3,HIGH,A2
315,arxiv:1906.06397,4,MEDIUM,A6
316,arxiv:1906.08473,5,MEDIUM,A4
317,arxiv:1906.08928,6,HIGH,A6
318,arxiv:1906.09460,7,HIGH,A1
319,arxiv:1906.11415,8,MEDIUM,A1
320,arxiv:1907.00277,9,HIGH,A6
321,arxiv:1907.01657,10,HIGH,A2 | A8
322,arxiv:1907.03146,11,MEDIUM,A6
323,arxiv:1907.03976,12,HIGH,A6
324,arxiv:1907.04944,13,MEDIUM,A1
325,arxiv:1907.05518,1,HIGH,A1
326,arxiv:1907.09014,2,HIGH,A2
327,arxiv:1907.09021,3,HIGH,A1
328,arxiv:1907.13440,4,HIGH,A2
329,arxiv:1908.01039,5,MEDIUM,A1
330,arxiv:1908.05224,6,MEDIUM,A8
331,arxiv:1908.06552,7,HIGH,A1
332,arxiv:1908.07410,8,MEDIUM,A1
333,arxiv:1908.08619,9,MEDIUM,A3
334,arxiv:1909.02060,10,MEDIUM,A4
335,arxiv:1909.06933,11,HIGH,A1
336,arxiv:1909.09020,12,HIGH,A1
337,arxiv:1909.11671,13,MEDIUM,A4
338,arxiv:1909.12271,1,HIGH,A1 | A4 | A5
339,arxiv:1909.13155,2,HIGH,A1
340,arxiv:1910.00775,3,HIGH,A2
341,arxiv:1910.01843,4,HIGH,A1
342,arxiv:1910.03860,5,HIGH,A1
343,arxiv:1910.04365,6,HIGH,A8
344,arxiv:1910.07972,7,HIGH,A5
345,arxiv:1910.10897,8,MEDIUM,A1 | A4
346,arxiv:1910.11215,9,MEDIUM,A1 | A4 | A5
347,arxiv:1910.11956,10,HIGH,A1 | A2 | A5
348,arxiv:1911.00997,11,HIGH,A1
349,arxiv:1911.04052,12,HIGH,A7
350,arxiv:1911.05321,13,HIGH,A6
351,arxiv:1912.03095,1,MEDIUM,A1
352,arxiv:1912.04344,2,HIGH,A4 | A7
353,arxiv:1912.04443,3,HIGH,A1
354,arxiv:1912.05032,4,HIGH,A4 | A6
355,arxiv:1912.12773,5,HIGH,A1
356,arxiv:1912.13465,6,HIGH,A6
357,arxiv:2001.00271,7,HIGH,A2
358,arxiv:2001.00503,8,HIGH,A6
359,arxiv:2002.03647,9,HIGH,A2 | A8
360,arxiv:2002.03848,10,MEDIUM,A1
361,arxiv:2002.06038,11,HIGH,A8
362,arxiv:2002.08484,12,HIGH,A3
363,arxiv:2002.12292,13,HIGH,A8
364,arxiv:2002.12334,1,HIGH,A4
365,arxiv:2003.02232,2,HIGH,A8
366,arxiv:2003.02692,3,HIGH,A1
367,arxiv:2003.04956,4,HIGH,A6
368,arxiv:2003.06082,5,HIGH,A8
369,arxiv:2003.06085,6,HIGH,A1 | A4
370,arxiv:2003.08515,7,MEDIUM,A4
371,arxiv:2003.12194,8,HIGH,A1
372,arxiv:2003.14266,9,HIGH,A1
373,arxiv:2004.03691,10,HIGH,A1
374,arxiv:2004.07219,11,MEDIUM,A2 | A5 | A6
375,arxiv:2004.07398,12,HIGH,A1
376,arxiv:2004.09395,13,HIGH,A3
377,arxiv:2004.12570,1,HIGH,A8
378,arxiv:2005.01643,2,MEDIUM,A7
379,arxiv:2005.03210,3,MEDIUM,A3
380,arxiv:2005.05960,4,HIGH,A8
381,arxiv:2005.06676,5,HIGH,A3
382,arxiv:2005.09743,6,HIGH,A1
383,arxiv:2005.13857,7,HIGH,A1
384,arxiv:2006.01413,8,HIGH,A5
385,arxiv:2006.03575,9,MEDIUM,A1
386,arxiv:2006.04779,10,HIGH,A7
387,arxiv:2006.08506,11,MEDIUM,A1
388,arxiv:2006.09359,12,HIGH,A5 | A6 | A7
389,arxiv:2006.16232,13,HIGH,A2
390,arxiv:2007.04309,1,HIGH,A1 | A4 | A7
391,arxiv:2007.04755,2,MEDIUM,A1
392,arxiv:2007.05929,3,HIGH,A8
393,arxiv:2008.02427,4,HIGH,A3
394,arxiv:2008.03703,5,MEDIUM,A4
395,arxiv:2008.04899,6,HIGH,A4 | A7
396,arxiv:2008.09167,7,HIGH,A3
397,arxiv:2008.11546,8,MEDIUM,A1
398,arxiv:2009.08319,9,MEDIUM,A8
399,arxiv:2009.12293,10,MEDIUM,A1 | A4 | A6
400,arxiv:2009.13436,11,MEDIUM,A1
401,arxiv:2009.13732,12,HIGH,A6
402,arxiv:2010.01496,13,MEDIUM,A4
403,arxiv:2010.02193,1,MEDIUM,A8
404,arxiv:2010.02556,2,HIGH,A1
405,arxiv:2010.03133,3,HIGH,A2
406,arxiv:2010.03978,4,MEDIUM,A1
407,arxiv:2010.05687,5,HIGH,A4
408,arxiv:2010.06215,6,HIGH,A1
409,arxiv:2010.07217,7,HIGH,A1
410,arxiv:2010.07349,8,MEDIUM,A1
411,arxiv:2010.07986,9,HIGH,A8
412,arxiv:2010.08278,10,MEDIUM,A1
413,arxiv:2010.08354,11,MEDIUM,A1
414,arxiv:2010.08587,12,HIGH,A6
415,arxiv:2010.09107,13,MEDIUM,A3
416,arxiv:2010.10181,1,HIGH,A3 | A6
417,arxiv:2010.11723,2,HIGH,A6 | A8
418,arxiv:2010.11944,3,HIGH,A2
419,arxiv:2010.13611,4,HIGH,A2
420,arxiv:2010.13766,5,HIGH,A5
421,arxiv:2010.14406,6,HIGH,A5 | A7
422,arxiv:2010.15920,7,HIGH,A6
423,arxiv:2011.04447,8,MEDIUM,A1
424,arxiv:2011.04627,9,HIGH,A6
425,arxiv:2011.05817,10,HIGH,A6
426,arxiv:2011.05970,11,HIGH,A1
427,arxiv:2011.08694,12,HIGH,A6
428,arxiv:2011.13467,13,HIGH,A4 | A6
429,arxiv:2011.13885,1,HIGH,A3 | A4 | A5 | A6
430,arxiv:2012.00073,2,MEDIUM,A4
431,arxiv:2012.06733,3,HIGH,A3 | A4 | A6 | A8
432,arxiv:2012.07436,4,HIGH,A1
433,arxiv:2012.15184,5,MEDIUM,A1
434,arxiv:2101.02725,6,HIGH,A6
435,arxiv:2101.06184,7,HIGH,A1
436,arxiv:2101.06521,8,HIGH,A2
437,arxiv:2101.07974,9,HIGH,A1
438,arxiv:2101.12561,10,HIGH,A2
439,arxiv:2102.00431,11,MEDIUM,A1
440,arxiv:2102.05262,12,MEDIUM,A4
441,arxiv:2102.06746,13,MEDIUM,A3
442,arxiv:2102.08921,1,MEDIUM,A1
443,arxiv:2102.09430,2,HIGH,A8
444,arxiv:2102.11271,3,MEDIUM,A8
445,arxiv:2102.11448,4,HIGH,A8
446,arxiv:2103.00806,5,HIGH,A1
447,arxiv:2103.04551,6,HIGH,A8
448,arxiv:2103.05905,7,MEDIUM,A1
449,arxiv:2103.05910,8,HIGH,A3 | A6
450,arxiv:2103.06011,9,MEDIUM,A1
451,arxiv:2103.06669,10,HIGH,A1
452,arxiv:2103.09458,11,HIGH,A1
453,arxiv:2103.10972,12,HIGH,A2
454,arxiv:2103.11881,13,HIGH,A6 | A8
455,arxiv:2103.12021,1,MEDIUM,A8
456,arxiv:2103.16817,2,HIGH,A7
457,arxiv:2103.17098,3,HIGH,A6
458,arxiv:2104.00053,4,HIGH,A3 | A6 | A8
459,arxiv:2104.02116,5,HIGH,A1
460,arxiv:2104.02577,6,MEDIUM,A1
461,arxiv:2104.04610,7,MEDIUM,A1
462,arxiv:2105.04607,8,HIGH,A8
463,arxiv:2105.05217,9,HIGH,A1
464,arxiv:2105.10037,10,HIGH,A1
465,arxiv:2105.14829,11,MEDIUM,A3
466,arxiv:2106.03155,12,HIGH,A6
467,arxiv:2106.03207,13,HIGH,A7
468,arxiv:2106.03911,1,HIGH,A3 | A7
469,arxiv:2106.05068,2,HIGH,A6
470,arxiv:2106.05091,3,HIGH,A6
471,arxiv:2106.06860,4,HIGH,A7
472,arxiv:2106.09159,5,HIGH,A5
473,arxiv:2106.09647,6,MEDIUM,A4
474,arxiv:2106.12142,7,HIGH,A6
475,arxiv:2106.13008,8,MEDIUM,A1
476,arxiv:2106.14405,9,MEDIUM,A4
477,arxiv:2107.02349,10,HIGH,A3
478,arxiv:2107.02625,11,HIGH,A1
479,arxiv:2107.04775,12,HIGH,A6
480,arxiv:2107.04782,13,HIGH,A1
481,arxiv:2107.07746,1,MEDIUM,A7
482,arxiv:2107.08942,2,HIGH,A6
483,arxiv:2107.09650,3,MEDIUM,A3
484,arxiv:2107.11918,4,HIGH,A6
485,arxiv:2107.12964,5,MEDIUM,A1
486,arxiv:2107.14206,6,HIGH,A6
487,arxiv:2107.14483,7,MEDIUM,A4
488,arxiv:2108.00049,8,MEDIUM,A7
489,arxiv:2108.00625,9,HIGH,A3
490,arxiv:2108.02722,10,HIGH,A1
491,arxiv:2108.03298,11,HIGH,A1 | A4 | A6 | A7 | A8
492,arxiv:2108.03332,12,MEDIUM,A4
493,arxiv:2108.03694,13,MEDIUM,A1
494,arxiv:2108.06706,1,HIGH,A1
495,arxiv:2108.07887,2,HIGH,A5
496,arxiv:2108.10470,3,MEDIUM,A4
497,arxiv:2108.11996,4,HIGH,A1
498,arxiv:2109.00137,5,HIGH,A1 | A6
499,arxiv:2109.07217,6,MEDIUM,A5
500,arxiv:2109.07785,7,HIGH,A1
501,arxiv:2109.07788,8,HIGH,A6
502,arxiv:2109.08273,9,HIGH,A3 | A6
503,arxiv:2109.09222,10,HIGH,A1
504,arxiv:2109.10312,11,HIGH,A6
505,arxiv:2109.11280,12,HIGH,A3
506,arxiv:2109.11978,13,MEDIUM,A8
507,arxiv:2109.12098,1,MEDIUM,A4
508,arxiv:2109.13396,2,HIGH,A1 | A4 | A5 | A7
509,arxiv:2109.13841,3,HIGH,A2
510,arxiv:2109.15317,4,HIGH,A1
511,arxiv:2110.02565,5,HIGH,A1
512,arxiv:2110.03212,6,HIGH,A4
513,arxiv:2110.03655,7,MEDIUM,A6
514,arxiv:2110.04347,8,HIGH,A6
515,arxiv:2110.04633,9,HIGH,A3 | A6
516,arxiv:2110.04698,10,HIGH,A3
517,arxiv:2110.05697,11,HIGH,A1
518,arxiv:2110.06169,12,HIGH,A4 | A7
519,arxiv:2110.08620,13,HIGH,A1
520,arxiv:2110.09514,1,HIGH,A1
521,arxiv:2110.10809,2,HIGH,A2
522,arxiv:2110.12358,3,HIGH,A1
523,arxiv:2110.13423,4,HIGH,A1
524,arxiv:2110.14118,5,HIGH,A7
525,arxiv:2110.14392,6,MEDIUM,A1
526,arxiv:2110.14754,7,HIGH,A6
527,arxiv:2110.14770,8,HIGH,A6
528,arxiv:2110.15142,9,HIGH,A6
529,arxiv:2110.15191,10,MEDIUM,A8
530,arxiv:2110.15360,11,HIGH,A6
531,arxiv:2111.00071,12,HIGH,A1
532,arxiv:2111.12341,13,MEDIUM,A1
533,arxiv:2111.13680,1,MEDIUM,A8
534,arxiv:2112.01511,2,MEDIUM,A4
535,arxiv:2112.03227,3,MEDIUM,A4 | A5
536,arxiv:2112.05062,4,HIGH,A2
537,arxiv:2112.05132,5,HIGH,A1
538,arxiv:2112.05251,6,HIGH,A3
539,arxiv:2112.09685,7,MEDIUM,A1
540,arxiv:2112.13753,8,MEDIUM,A1
541,arxiv:2201.03834,9,HIGH,A5
542,arxiv:2201.05675,10,HIGH,A1
543,arxiv:2201.10766,11,HIGH,A7
544,arxiv:2201.11861,12,HIGH,A8
545,arxiv:2201.11981,13,HIGH,A2
546,arxiv:2201.12096,1,MEDIUM,A8
547,arxiv:2201.12594,2,HIGH,A3 | A6
548,arxiv:2201.13372,3,MEDIUM,A3
549,arxiv:2201.13425,4,HIGH,A8
550,arxiv:2202.00622,5,MEDIUM,A4
551,arxiv:2202.01288,6,HIGH,A6 | A8
552,arxiv:2202.02005,7,HIGH,A4 | A5 | A6 | A8
553,arxiv:2202.02967,8,HIGH,A3 | A6
554,arxiv:2202.04634,9,MEDIUM,A3
555,arxiv:2202.04675,10,HIGH,A2
556,arxiv:2202.05894,11,HIGH,A3
557,arxiv:2202.10001,12,MEDIUM,A1
558,arxiv:2203.02381,13,HIGH,A8
559,arxiv:2203.08949,1,HIGH,A5
560,arxiv:2203.10905,2,HIGH,A3
561,arxiv:2203.12601,3,HIGH,A8
562,arxiv:2203.13309,4,HIGH,A1
563,arxiv:2203.15041,5,HIGH,A7
564,arxiv:2203.16784,6,HIGH,A1
565,arxiv:2203.16800,7,HIGH,A1
566,arxiv:2204.00227,8,MEDIUM,A1
567,arxiv:2204.01691,9,MEDIUM,A4
568,arxiv:2204.02937,10,MEDIUM,A7
569,arxiv:2204.02968,11,HIGH,A1
570,arxiv:2204.05618,12,MEDIUM,A3
571,arxiv:2204.06252,13,HIGH,A8
572,arxiv:2204.08327,1,MEDIUM,A6
573,arxiv:2204.08721,2,MEDIUM,A1
574,arxiv:2204.13423,3,HIGH,A1
575,arxiv:2205.01791,4,HIGH,A7
576,arxiv:2205.02300,5,HIGH,A1
577,arxiv:2205.04195,6,HIGH,A3
578,arxiv:2205.06175,7,MEDIUM,A8
579,arxiv:2205.09329,8,HIGH,A4
580,arxiv:2205.09550,9,HIGH,A3
581,arxiv:2205.09795,10,MEDIUM,A3
582,arxiv:2205.09991,11,HIGH,A1 | A5
583,arxiv:2205.11019,12,MEDIUM,A6
584,arxiv:2205.13504,13,HIGH,A1
585,arxiv:2206.00667,1,HIGH,A3
586,arxiv:2206.02956,2,MEDIUM,A1
587,arxiv:2206.03597,3,HIGH,A2
588,arxiv:2206.04632,4,HIGH,A6
589,arxiv:2206.10324,5,MEDIUM,A5
590,arxiv:2206.11180,6,MEDIUM,A1
591,arxiv:2206.11251,7,HIGH,A1 | A5 | A6
592,arxiv:2206.14349,8,HIGH,A3
593,arxiv:2206.15469,9,HIGH,A4
594,arxiv:2207.03315,10,HIGH,A3
595,arxiv:2207.03395,11,HIGH,A6
596,arxiv:2207.05515,12,HIGH,A1
597,arxiv:2207.08673,13,HIGH,A6 | A7 | A8
598,arxiv:2207.10050,1,HIGH,A3 | A6
599,arxiv:2207.14299,2,HIGH,A1
600,arxiv:2208.00478,3,HIGH,A5
601,arxiv:2208.11351,4,HIGH,A3
602,arxiv:2209.03855,5,HIGH,A1
603,arxiv:2209.05451,6,HIGH,A4 | A7 | A8
604,arxiv:2209.07753,7,MEDIUM,A4
605,arxiv:2209.08253,8,MEDIUM,A7
606,arxiv:2209.08959,9,HIGH,A2
607,arxiv:2209.10149,10,HIGH,A6
608,arxiv:2209.13605,11,HIGH,A6
609,arxiv:2209.13850,12,HIGH,A6
610,arxiv:2209.13916,13,HIGH,A1
611,arxiv:2209.14792,1,MEDIUM,A7
612,arxiv:2210.01322,2,HIGH,A1
613,arxiv:2210.01379,3,HIGH,A3 | A6
614,arxiv:2210.01808,4,HIGH,A6
615,arxiv:2210.01969,5,HIGH,A2
616,arxiv:2210.02343,6,HIGH,A6
617,arxiv:2210.02747,7,MEDIUM,A4 | A5
618,arxiv:2210.03094,8,HIGH,A1
619,arxiv:2210.03370,9,HIGH,A7
620,arxiv:2210.05178,10,MEDIUM,A3
621,arxiv:2210.06407,11,HIGH,A7
622,arxiv:2210.06479,12,HIGH,A5 | A6
623,arxiv:2210.07432,13,MEDIUM,A6
624,arxiv:2210.08073,1,HIGH,A3 | A8
625,arxiv:2210.09337,2,HIGH,A6
626,arxiv:2210.10047,3,HIGH,A6
627,arxiv:2210.10352,4,HIGH,A1
628,arxiv:2210.10469,5,MEDIUM,A6
629,arxiv:2210.10899,6,HIGH,A6
630,arxiv:2210.11435,7,HIGH,A8
631,arxiv:2210.14428,8,HIGH,A6
632,arxiv:2210.15050,9,MEDIUM,A1
633,arxiv:2210.15629,10,HIGH,A1
634,arxiv:2211.00600,11,HIGH,A8
635,arxiv:2211.01471,12,MEDIUM,A3
636,arxiv:2211.01500,13,HIGH,A6
637,arxiv:2211.01724,1,MEDIUM,A8
638,arxiv:2211.03393,2,HIGH,A3 | A6
639,arxiv:2211.06839,3,MEDIUM,A6
640,arxiv:2211.08416,4,HIGH,A3 | A6 | A7
641,arxiv:2211.08701,5,HIGH,A3
642,arxiv:2211.10754,6,MEDIUM,A1
643,arxiv:2211.12491,7,MEDIUM,A3
644,arxiv:2211.13024,8,HIGH,A2
645,arxiv:2211.13726,9,HIGH,A1
646,arxiv:2212.03562,10,HIGH,A6
647,arxiv:2212.04280,11,HIGH,A3 | A6
648,arxiv:2212.04590,12,MEDIUM,A2
649,arxiv:2212.04708,13,HIGH,A3
650,arxiv:2212.04873,1,HIGH,A1
651,arxiv:2212.05598,2,HIGH,A1
652,arxiv:2212.06817,3,MEDIUM,A1 | A4 | A5 | A8
653,arxiv:2212.08232,4,HIGH,A6 | A8
654,arxiv:2212.09478,5,MEDIUM,A1
655,arxiv:2212.10722,6,HIGH,A4
656,arxiv:2212.14164,7,HIGH,A1
657,arxiv:2301.01928,8,MEDIUM,A1
658,arxiv:2301.03330,9,HIGH,A1
659,arxiv:2301.07944,10,HIGH,A1
660,arxiv:2301.08556,11,HIGH,A6
661,arxiv:2301.09816,12,HIGH,A8
662,arxiv:2301.10677,13,HIGH,A1
663,arxiv:2301.11520,1,MEDIUM,A8
664,arxiv:2301.11687,2,HIGH,A3 | A6
665,arxiv:2301.11734,3,HIGH,A3 | A4 | A5
666,arxiv:2301.11741,4,HIGH,A8
667,arxiv:2301.12012,5,HIGH,A3
668,arxiv:2301.12230,6,MEDIUM,A4
669,arxiv:2301.12832,7,MEDIUM,A3
670,arxiv:2301.13019,8,MEDIUM,A6
671,arxiv:2301.13442,9,HIGH,A7
672,arxiv:2302.00111,10,HIGH,A7
673,arxiv:2302.00935,11,MEDIUM,A8
674,arxiv:2302.02179,12,MEDIUM,A8
675,arxiv:2302.03505,13,MEDIUM,A3 | A4
676,arxiv:2302.03921,1,HIGH,A8
677,arxiv:2302.04334,2,HIGH,A3
678,arxiv:2302.04659,3,MEDIUM,A4
679,arxiv:2302.04782,4,MEDIUM,A6
680,arxiv:2302.05103,5,HIGH,A8
681,arxiv:2302.05614,6,HIGH,A8
682,arxiv:2302.06271,7,HIGH,A3 | A6
683,arxiv:2302.07457,8,HIGH,A6
684,arxiv:2302.08890,9,HIGH,A1
685,arxiv:2302.09429,10,MEDIUM,A1
686,arxiv:2302.11550,11,MEDIUM,A8
687,arxiv:2303.00638,12,HIGH,A3
688,arxiv:2303.01440,13,HIGH,A3
689,arxiv:2303.01514,1,MEDIUM,A8
690,arxiv:2303.02569,2,HIGH,A3 | A6
691,arxiv:2303.02982,3,HIGH,A1
692,arxiv:2303.03378,4,MEDIUM,A4
693,arxiv:2303.04137,5,HIGH,A1 | A4 | A5 | A6 | A7 | A8
694,arxiv:2303.04592,6,MEDIUM,A8
695,arxiv:2303.07317,7,HIGH,A1
696,arxiv:2303.08114,8,HIGH,A4
697,arxiv:2303.08789,9,HIGH,A1
698,arxiv:2303.10778,10,HIGH,A1
699,arxiv:2303.13193,11,HIGH,A1
700,arxiv:2303.13505,12,HIGH,A1
701,arxiv:2303.14186,13,HIGH,A3 | A4
702,arxiv:2303.14502,1,HIGH,A7
703,arxiv:2303.15349,2,HIGH,A5
704,arxiv:2303.16084,3,HIGH,A1
705,arxiv:2303.16435,4,MEDIUM,A1
706,arxiv:2304.00776,5,HIGH,A2
707,arxiv:2304.02052,6,HIGH,A6
708,arxiv:2304.03535,7,HIGH,A2
709,arxiv:2304.04591,8,HIGH,A7
710,arxiv:2304.05171,9,HIGH,A5
711,arxiv:2304.07647,10,MEDIUM,A1
712,arxiv:2304.08742,11,HIGH,A3 | A6 | A8
713,arxiv:2304.09825,12,MEDIUM,A8
714,arxiv:2304.10573,13,MEDIUM,A5
715,arxiv:2304.13265,1,HIGH,A1
716,arxiv:2304.13653,2,HIGH,A6
717,arxiv:2304.13705,3,HIGH,A1 | A4 | A5 | A6 | A7 | A8
718,arxiv:2304.14108,4,MEDIUM,A4
719,arxiv:2304.14125,5,MEDIUM,A1
720,arxiv:2305.00126,6,HIGH,A1
721,arxiv:2305.01400,7,HIGH,A6
722,arxiv:2305.01521,8,HIGH,A8
723,arxiv:2305.02605,9,MEDIUM,A8
724,arxiv:2305.04727,10,MEDIUM,A6
725,arxiv:2305.06114,11,HIGH,A1
726,arxiv:2305.06289,12,HIGH,A1
727,arxiv:2305.10429,13,MEDIUM,A4 | A8
728,arxiv:2305.11206,1,MEDIUM,A4
729,arxiv:2305.12240,2,HIGH,A8
730,arxiv:2305.16309,3,HIGH,A7
731,arxiv:2305.16498,4,MEDIUM,A3
732,arxiv:2305.17565,5,HIGH,A8
733,arxiv:2305.18248,6,MEDIUM,A4
734,arxiv:2305.18499,7,HIGH,A1
735,arxiv:2306.02437,8,HIGH,A3 | A7 | A8
736,arxiv:2306.03310,9,MEDIUM,A4 | A5 | A7 | A8
737,arxiv:2306.04581,10,HIGH,A6
738,arxiv:2306.05412,11,HIGH,A4
739,arxiv:2306.06394,12,HIGH,A2
740,arxiv:2306.06679,13,MEDIUM,A6
741,arxiv:2306.07919,1,HIGH,A3 | A6
742,arxiv:2306.10007,2,HIGH,A7
743,arxiv:2306.13085,3,HIGH,A4
744,arxiv:2306.14534,4,HIGH,A6
745,arxiv:2306.15091,5,HIGH,A4
746,arxiv:2306.15724,6,HIGH,A6
747,arxiv:2306.16406,7,MEDIUM,A7
748,arxiv:2306.17237,8,MEDIUM,A8
749,arxiv:2307.00595,9,HIGH,A7 | A8
750,arxiv:2307.01452,10,MEDIUM,A7
751,arxiv:2307.03659,11,HIGH,A7
752,arxiv:2307.03719,12,HIGH,A1 | A7
753,arxiv:2307.04726,13,HIGH,A7
754,arxiv:2307.05405,1,HIGH,A6
755,arxiv:2307.07328,2,MEDIUM,A4
756,arxiv:2307.07907,3,HIGH,A7
757,arxiv:2307.08274,4,HIGH,A6
758,arxiv:2307.10936,5,HIGH,A8
759,arxiv:2307.11049,6,HIGH,A3
760,arxiv:2307.14430,7,HIGH,A4
761,arxiv:2307.14535,8,HIGH,A6
762,arxiv:2307.15042,9,MEDIUM,A1
763,arxiv:2307.15818,10,HIGH,A1 | A4 | A5 | A7
764,arxiv:2308.03063,11,HIGH,A1
765,arxiv:2308.06443,12,MEDIUM,A1
766,arxiv:2308.07119,13,HIGH,A1
767,arxiv:2308.09346,1,HIGH,A1
768,arxiv:2308.12952,2,HIGH,A4 | A5 | A6 | A7 | A8
769,arxiv:2308.13661,3,HIGH,A8
770,arxiv:2308.14893,4,MEDIUM,A5
771,arxiv:2309.00082,5,MEDIUM,A6
772,arxiv:2309.01918,6,HIGH,A7 | A8
773,arxiv:2309.02473,7,HIGH,A3
774,arxiv:2309.04459,8,MEDIUM,A8
775,arxiv:2309.08638,9,MEDIUM,A4
776,arxiv:2309.10150,10,HIGH,A3 | A7
777,arxiv:2309.12300,11,HIGH,A1
778,arxiv:2309.14611,12,MEDIUM,A1
779,arxiv:2309.15137,13,MEDIUM,A1
780,arxiv:2309.17203,1,HIGH,A8
781,arxiv:2310.00902,2,HIGH,A4
782,arxiv:2310.06171,3,HIGH,A1
783,arxiv:2310.07143,4,HIGH,A3 | A6
784,arxiv:2310.07932,5,HIGH,A1 | A7
785,arxiv:2310.08100,6,HIGH,A8
786,arxiv:2310.08782,7,MEDIUM,A4
787,arxiv:2310.08823,8,MEDIUM,A6
788,arxiv:2310.08864,9,MEDIUM,A4
789,arxiv:2310.09629,10,HIGH,A1
790,arxiv:2310.12955,11,HIGH,A3 | A7
791,arxiv:2310.12972,12,HIGH,A6
792,arxiv:2310.14196,13,HIGH,A3 | A4 | A6 | A8
793,arxiv:2310.14386,1,HIGH,A7
794,arxiv:2310.15815,2,HIGH,A3 | A6
795,arxiv:2310.16014,3,HIGH,A6
796,arxiv:2310.16027,4,HIGH,A1
797,arxiv:2310.16917,5,HIGH,A1
798,arxiv:2310.17552,6,HIGH,A3
799,arxiv:2310.17596,7,HIGH,A3 | A4 | A8
800,arxiv:2311.00913,8,MEDIUM,A4
801,arxiv:2311.01329,9,HIGH,A6
802,arxiv:2311.01419,10,HIGH,A7
803,arxiv:2311.01455,11,MEDIUM,A4
804,arxiv:2311.01851,12,HIGH,A1
805,arxiv:2311.02396,13,HIGH,A1
806,arxiv:2311.04163,1,MEDIUM,A4
807,arxiv:2311.06218,2,HIGH,A1
808,arxiv:2311.07226,3,MEDIUM,A1 | A6
809,arxiv:2311.07822,4,MEDIUM,A8
810,arxiv:2311.08576,5,MEDIUM,A4
811,arxiv:2311.10284,6,HIGH,A6
812,arxiv:2311.12015,7,MEDIUM,A1
813,arxiv:2311.12233,8,HIGH,A4
814,arxiv:2311.12996,9,HIGH,A6
815,arxiv:2311.16098,10,HIGH,A8
816,arxiv:2312.01853,11,HIGH,A1
817,arxiv:2312.02355,12,MEDIUM,A5
818,arxiv:2312.02677,13,HIGH,A5
819,arxiv:2312.05024,1,MEDIUM,A1
820,arxiv:2312.06205,2,MEDIUM,A3
821,arxiv:2312.09394,3,HIGH,A4 | A5
822,arxiv:2312.11024,4,HIGH,A1
823,arxiv:2312.11194,5,HIGH,A3 | A6
824,arxiv:2312.17168,6,HIGH,A8
825,arxiv:2401.01065,7,MEDIUM,A1
826,arxiv:2401.02117,8,HIGH,A5
827,arxiv:2401.08238,9,HIGH,A1
828,arxiv:2401.08957,10,HIGH,A2 | A3 | A6
829,arxiv:2401.09031,11,MEDIUM,A3
830,arxiv:2401.09870,12,HIGH,A2
831,arxiv:2401.14226,13,HIGH,A2
832,arxiv:2401.14885,1,HIGH,A1
833,arxiv:2401.15866,2,MEDIUM,A3
834,arxiv:2401.16013,3,HIGH,A6
835,arxiv:2401.17981,4,MEDIUM,A1
836,arxiv:2402.00853,5,HIGH,A4
837,arxiv:2402.01886,6,HIGH,A3 | A6 | A8
838,arxiv:2402.02097,7,HIGH,A8
839,arxiv:2402.02439,8,HIGH,A4
840,arxiv:2402.02511,9,HIGH,A1
841,arxiv:2402.03771,10,MEDIUM,A2
842,arxiv:2402.03807,11,HIGH,A6
843,arxiv:2402.04061,12,HIGH,A2
844,arxiv:2402.05090,13,HIGH,A7
845,arxiv:2402.05476,1,MEDIUM,A8
846,arxiv:2402.05546,2,HIGH,A7
847,arxiv:2402.06287,3,MEDIUM,A4
848,arxiv:2402.06734,4,HIGH,A3
849,arxiv:2402.07226,5,HIGH,A2
850,arxiv:2402.08424,6,MEDIUM,A8
851,arxiv:2402.10329,7,HIGH,A1 | A3 | A6 | A7
852,arxiv:2402.10450,8,HIGH,A2
853,arxiv:2402.10511,9,HIGH,A1
854,arxiv:2402.10885,10,HIGH,A1
855,arxiv:2402.12706,11,HIGH,A1
856,arxiv:2402.12715,12,MEDIUM,A7
857,arxiv:2402.13147,13,MEDIUM,A6
858,arxiv:2402.14407,1,HIGH,A3
859,arxiv:2402.15025,2,MEDIUM,A6
860,arxiv:2402.15567,3,HIGH,A8
861,arxiv:2402.16075,4,HIGH,A1 | A3
862,arxiv:2402.16354,5,HIGH,A2
863,arxiv:2402.18319,6,HIGH,A6
864,arxiv:2402.19432,7,HIGH,A7
865,arxiv:2403.00225,8,HIGH,A3
866,arxiv:2403.01823,9,HIGH,A6 | A8
867,arxiv:2403.02709,10,HIGH,A8
868,arxiv:2403.03950,11,HIGH,A7
869,arxiv:2403.05110,12,HIGH,A8
870,arxiv:2403.05304,13,HIGH,A1
871,arxiv:2403.08946,1,MEDIUM,A4
872,arxiv:2403.10855,2,HIGH,A2
873,arxiv:2403.12910,3,HIGH,A6
874,arxiv:2403.12945,4,HIGH,A5 | A7 | A8
875,arxiv:2403.13358,5,HIGH,A3 | A5
876,arxiv:2403.13728,6,HIGH,A2
877,arxiv:2403.15203,7,HIGH,A2 | A6
878,arxiv:2403.16952,8,MEDIUM,A7
879,arxiv:2403.17124,9,HIGH,A3
880,arxiv:2403.19225,10,HIGH,A1
881,arxiv:2403.19976,11,MEDIUM,A1
882,arxiv:2404.01361,12,MEDIUM,A4
883,arxiv:2404.01867,13,HIGH,A8
884,arxiv:2404.03161,1,HIGH,A1
885,arxiv:2404.03382,2,HIGH,A3
886,arxiv:2404.04698,3,HIGH,A1
887,arxiv:2404.05249,4,HIGH,A6
888,arxiv:2404.06570,5,HIGH,A1
889,arxiv:2404.07344,6,HIGH,A8
890,arxiv:2404.07428,7,HIGH,A4 | A5
891,arxiv:2404.07840,8,HIGH,A4
892,arxiv:2404.12281,9,MEDIUM,A3
893,arxiv:2404.12308,10,HIGH,A8
894,arxiv:2404.14903,11,MEDIUM,A1
895,arxiv:2404.15379,12,MEDIUM,A1
896,arxiv:2404.15626,13,HIGH,A1
897,arxiv:2404.16823,1,HIGH,A1
898,arxiv:2404.17906,2,HIGH,A6
899,arxiv:2404.18201,3,MEDIUM,A7
900,arxiv:2405.01472,4,HIGH,A6
901,arxiv:2405.02077,5,HIGH,A1
902,arxiv:2405.03155,6,HIGH,A1
903,arxiv:2405.03875,7,HIGH,A4
904,arxiv:2405.05439,8,MEDIUM,A3
905,arxiv:2405.05941,9,MEDIUM,A4 | A5
906,arxiv:2405.07503,10,HIGH,A1
907,arxiv:2405.10315,11,HIGH,A6
908,arxiv:2405.11724,12,MEDIUM,A4
909,arxiv:2405.11776,13,HIGH,A8
910,arxiv:2405.12186,1,HIGH,A3
911,arxiv:2405.12213,2,MEDIUM,A4 | A6
912,arxiv:2405.14073,3,HIGH,A8
913,arxiv:2405.14093,4,HIGH,A1 | A2 | A4 | A5 | A7
914,arxiv:2405.14199,5,HIGH,A8
915,arxiv:2405.15223,6,HIGH,A1
916,arxiv:2405.15624,7,MEDIUM,A8
917,arxiv:2405.17476,8,HIGH,A3 | A6
918,arxiv:2405.17516,9,MEDIUM,A1
919,arxiv:2405.18214,10,HIGH,A1
920,arxiv:2405.18948,11,HIGH,A6
921,arxiv:2405.19878,12,HIGH,A4
922,arxiv:2406.00439,13,HIGH,A7
923,arxiv:2406.01586,1,HIGH,A1
924,arxiv:2406.02290,2,MEDIUM,A3
925,arxiv:2406.02523,3,HIGH,A1 | A4 | A8
926,arxiv:2406.04806,4,HIGH,A1
927,arxiv:2406.05645,5,MEDIUM,A1
928,arxiv:2406.06615,6,MEDIUM,A8
929,arxiv:2406.07342,7,HIGH,A2
930,arxiv:2406.08079,8,MEDIUM,A4
931,arxiv:2406.09246,9,HIGH,A1 | A4 | A5 | A7
932,arxiv:2406.10615,10,HIGH,A8
933,arxiv:2406.11011,11,HIGH,A3
934,arxiv:2406.11231,12,MEDIUM,A8
935,arxiv:2406.11548,13,HIGH,A1
936,arxiv:2406.13092,1,MEDIUM,A1
937,arxiv:2406.13961,2,HIGH,A6
938,arxiv:2406.14473,3,MEDIUM,A4
939,arxiv:2406.15833,4,HIGH,A1
940,arxiv:2406.15917,5,HIGH,A5 | A6
941,arxiv:2406.18053,6,HIGH,A2
942,arxiv:2406.20095,7,HIGH,A4
943,arxiv:2407.00299,8,HIGH,A3
944,arxiv:2407.02666,9,MEDIUM,A6
945,arxiv:2407.04285,10,HIGH,A7
946,arxiv:2407.06459,11,HIGH,A6
947,arxiv:2407.07868,12,HIGH,A7
948,arxiv:2407.08464,13,HIGH,A8
949,arxiv:2407.08735,1,HIGH,A3
950,arxiv:2407.12259,2,HIGH,A4
951,arxiv:2407.12381,3,HIGH,A4
952,arxiv:2407.12998,4,HIGH,A6
953,arxiv:2407.14744,5,HIGH,A1
954,arxiv:2407.14859,6,HIGH,A4
955,arxiv:2407.15403,7,HIGH,A3 | A6 | A8
956,arxiv:2407.15815,8,HIGH,A1
957,arxiv:2407.16636,9,MEDIUM,A1
958,arxiv:2407.16677,10,HIGH,A2
959,arxiv:2407.18249,11,HIGH,A1
960,arxiv:2407.20678,12,MEDIUM,A4
961,arxiv:2407.21244,13,HIGH,A1 | A3 | A6
962,arxiv:2408.01147,1,HIGH,A3
963,arxiv:2408.03131,2,HIGH,A1 | A6
964,arxiv:2408.05541,3,HIGH,A4
965,arxiv:2408.05610,4,HIGH,A7
966,arxiv:2408.05916,5,MEDIUM,A1
967,arxiv:2408.06246,6,HIGH,A6
968,arxiv:2408.06481,7,HIGH,A1
969,arxiv:2408.07852,8,MEDIUM,A4
970,arxiv:2408.10468,9,MEDIUM,A4
971,arxiv:2408.10568,10,MEDIUM,A3
972,arxiv:2408.11812,11,HIGH,A7
973,arxiv:2408.13627,12,MEDIUM,A1
974,arxiv:2408.14037,13,HIGH,A3 | A5
975,arxiv:2408.16944,1,HIGH,A8
976,arxiv:2409.01445,2,HIGH,A1
977,arxiv:2409.01725,3,HIGH,A1
978,arxiv:2409.03403,4,HIGH,A7 | A8
979,arxiv:2409.03685,5,HIGH,A7
980,arxiv:2409.03966,6,HIGH,A6
981,arxiv:2409.04607,7,HIGH,A1
982,arxiv:2409.06615,8,HIGH,A1
983,arxiv:2409.08195,9,MEDIUM,A6
984,arxiv:2409.08687,10,MEDIUM,A5
985,arxiv:2409.08958,11,HIGH,A3
986,arxiv:2409.09016,12,HIGH,A7
987,arxiv:2409.10441,13,MEDIUM,A7
988,arxiv:2409.14674,1,HIGH,A6
989,arxiv:2409.14896,2,HIGH,A1
990,arxiv:2409.16978,3,MEDIUM,A3
991,arxiv:2409.17356,4,HIGH,A1
992,arxiv:2409.18038,5,MEDIUM,A1
993,arxiv:2409.19226,6,HIGH,A6
994,arxiv:2409.19770,7,HIGH,A1
995,arxiv:2409.19917,8,HIGH,A2 | A3 | A6 | A8
996,arxiv:2409.19998,9,HIGH,A3
997,arxiv:2409.20537,10,HIGH,A7
998,arxiv:2410.00371,11,HIGH,A6
999,arxiv:2410.01630,12,HIGH,A6
1000,arxiv:2410.03626,13,HIGH,A3 | A6
1001,arxiv:2410.04275,1,HIGH,A4
1002,arxiv:2410.04640,2,HIGH,A3
1003,arxiv:2410.04855,3,HIGH,A2
1004,arxiv:2410.07864,4,MEDIUM,A4 | A5
1005,arxiv:2410.08852,5,HIGH,A8
1006,arxiv:2410.09940,6,HIGH,A4
1007,arxiv:2410.11262,7,HIGH,A2
1008,arxiv:2410.13126,8,MEDIUM,A8
1009,arxiv:2410.13322,9,HIGH,A1 | A8
1010,arxiv:2410.13816,10,HIGH,A7
1011,arxiv:2410.13979,11,HIGH,A6
1012,arxiv:2410.14040,12,HIGH,A1
1013,arxiv:2410.14161,13,HIGH,A1
1014,arxiv:2410.14371,1,HIGH,A7
1015,arxiv:2410.14868,2,HIGH,A8
1016,arxiv:2410.17246,3,HIGH,A1
1017,arxiv:2410.17413,4,HIGH,A3
1018,arxiv:2410.18647,5,HIGH,A3 | A4 | A6 | A7 | A8
1019,arxiv:2410.18907,6,HIGH,A8
1020,arxiv:2410.18964,7,HIGH,A8
1021,arxiv:2410.19235,8,HIGH,A1
1022,arxiv:2410.21845,9,HIGH,A3 | A6
1023,arxiv:2410.22689,10,HIGH,A3 | A6
1024,arxiv:2410.24091,11,HIGH,A1
1025,arxiv:2410.24164,12,MEDIUM,A5 | A8
1026,arxiv:2410.24185,13,MEDIUM,A8
1027,arxiv:2410.24221,1,HIGH,A1
1028,arxiv:2411.00137,2,HIGH,A8
1029,arxiv:2411.00361,3,HIGH,A2
1030,arxiv:2411.00388,4,HIGH,A4
1031,arxiv:2411.02998,5,HIGH,A2
1032,arxiv:2411.03294,6,HIGH,A4 | A6
1033,arxiv:2411.03409,7,HIGH,A3
1034,arxiv:2411.03682,8,HIGH,A7
1035,arxiv:2411.04549,9,HIGH,A5
1036,arxiv:2411.12155,10,HIGH,A7
1037,arxiv:2411.12310,11,HIGH,A7
1038,arxiv:2411.12523,12,MEDIUM,A4
1039,arxiv:2411.13438,13,HIGH,A5
1040,arxiv:2411.16959,1,HIGH,A4
1041,arxiv:2411.17458,2,HIGH,A3 | A7
1042,arxiv:2411.17690,3,MEDIUM,A1
1043,arxiv:2411.19650,4,MEDIUM,A5
1044,arxiv:2412.00129,5,MEDIUM,A7
1045,arxiv:2412.01335,6,MEDIUM,A3
1046,arxiv:2412.02331,7,HIGH,A8
1047,arxiv:2412.02818,8,HIGH,A7
1048,arxiv:2412.04158,9,MEDIUM,A4
1049,arxiv:2412.04455,10,HIGH,A6
1050,arxiv:2412.04835,11,HIGH,A3
1051,arxiv:2412.05313,12,MEDIUM,A7
1052,arxiv:2412.06782,13,HIGH,A2
1053,arxiv:2412.09265,1,HIGH,A1
1054,arxiv:2412.10855,2,HIGH,A1
1055,arxiv:2412.11974,3,HIGH,A2
1056,arxiv:2412.12147,4,HIGH,A7
1057,arxiv:2412.12829,5,HIGH,A1
1058,arxiv:2412.13877,6,HIGH,A4 | A5 | A6 | A7
1059,arxiv:2412.14401,7,MEDIUM,A1 | A5
1060,arxiv:2412.15182,8,HIGH,A1 | A4 | A8
1061,arxiv:2412.18234,9,MEDIUM,A1
1062,arxiv:2412.20193,10,HIGH,A3 | A6
1063,arxiv:2412.20368,11,HIGH,A2
1064,arxiv:2501.00315,12,MEDIUM,A1
1065,arxiv:2501.01727,13,HIGH,A2
1066,arxiv:2501.02221,1,HIGH,A2
1067,arxiv:2501.05439,2,HIGH,A2
1068,arxiv:2501.06554,3,HIGH,A2
1069,arxiv:2501.08259,4,HIGH,A3
1070,arxiv:2501.08907,5,MEDIUM,A5
1071,arxiv:2501.09747,6,MEDIUM,A4 | A5
1072,arxiv:2501.11039,7,MEDIUM,A5
1073,arxiv:2501.12668,8,HIGH,A2 | A8
1074,arxiv:2501.12942,9,HIGH,A7
1075,arxiv:2501.13756,10,MEDIUM,A7
1076,arxiv:2501.15830,11,MEDIUM,A4
1077,arxiv:2501.17878,12,HIGH,A2
1078,arxiv:2502.00749,13,HIGH,A1
1079,arxiv:2502.00835,1,HIGH,A8
1080,arxiv:2502.01167,2,HIGH,A6
1081,arxiv:2502.01218,3,HIGH,A2
1082,arxiv:2502.01588,4,MEDIUM,A1
1083,arxiv:2502.02663,5,HIGH,A8
1084,arxiv:2502.02753,6,HIGH,A2
1085,arxiv:2502.02853,7,HIGH,A7 | A8
1086,arxiv:2502.03752,8,HIGH,A2
1087,arxiv:2502.03814,9,MEDIUM,A4 | A5
1088,arxiv:2502.04554,10,HIGH,A3
1089,arxiv:2502.05397,11,HIGH,A1
1090,arxiv:2502.05450,12,HIGH,A6
1091,arxiv:2502.05855,13,HIGH,A7
1092,arxiv:2502.06244,1,MEDIUM,A4
1093,arxiv:2502.07645,2,HIGH,A3 | A4
1094,arxiv:2502.08623,3,HIGH,A3 | A5 | A8
1095,arxiv:2502.10040,4,HIGH,A4 | A8
1096,arxiv:2502.11886,5,MEDIUM,A4
1097,arxiv:2502.11986,6,HIGH,A7
1098,arxiv:2502.13519,7,HIGH,A6
1099,arxiv:2502.16372,8,HIGH,A7
1100,arxiv:2502.16634,9,HIGH,A2
1101,arxiv:2502.16932,10,HIGH,A7 | A8
1102,arxiv:2502.18015,11,HIGH,A2 | A6
1103,arxiv:2502.18447,12,HIGH,A6
1104,arxiv:2502.19500,13,HIGH,A2
1105,arxiv:2502.19645,1,HIGH,A4 | A5 | A7 | A8
1106,arxiv:2502.19899,2,HIGH,A2
1107,arxiv:2502.20630,3,HIGH,A2
1108,arxiv:2503.00339,4,HIGH,A1
1109,arxiv:2503.00774,5,HIGH,A7
1110,arxiv:2503.00877,6,MEDIUM,A1
1111,arxiv:2503.01238,7,HIGH,A5 | A7
1112,arxiv:2503.01301,8,HIGH,A7
1113,arxiv:2503.02048,9,HIGH,A2
1114,arxiv:2503.02881,10,HIGH,A1 | A2
1115,arxiv:2503.03081,11,MEDIUM,A3
1116,arxiv:2503.03707,12,HIGH,A3 | A6
1117,arxiv:2503.05231,13,HIGH,A1
1118,arxiv:2503.05652,1,HIGH,A3
1119,arxiv:2503.05954,2,MEDIUM,A1
1120,arxiv:2503.06669,3,HIGH,A6 | A7
1121,arxiv:2503.06960,4,HIGH,A2
1122,arxiv:2503.07017,5,HIGH,A5 | A7
1123,arxiv:2503.08558,6,HIGH,A6
1124,arxiv:2503.09018,7,MEDIUM,A6
1125,arxiv:2503.10684,8,HIGH,A2
1126,arxiv:2503.11646,9,HIGH,A8
1127,arxiv:2503.11918,10,MEDIUM,A8
1128,arxiv:2503.12222,11,HIGH,A7
1129,arxiv:2503.13171,12,HIGH,A7
1130,arxiv:2503.13194,13,HIGH,A2
1131,arxiv:2503.13441,1,HIGH,A7
1132,arxiv:2503.14430,2,HIGH,A1
1133,arxiv:2503.14734,3,HIGH,A4 | A8
1134,arxiv:2503.14809,4,HIGH,A2
1135,arxiv:2503.14973,5,HIGH,A2
1136,arxiv:2503.15202,6,HIGH,A6
1137,arxiv:2503.15470,7,HIGH,A2
1138,arxiv:2503.15895,8,HIGH,A5
1139,arxiv:2503.17674,9,HIGH,A2
1140,arxiv:2503.18845,10,HIGH,A3
1141,arxiv:2503.19757,11,HIGH,A7
1142,arxiv:2503.19916,12,MEDIUM,A1
1143,arxiv:2503.21013,13,MEDIUM,A2
1144,arxiv:2503.21677,1,HIGH,A2
1145,arxiv:2503.22020,2,MEDIUM,A5
1146,arxiv:2503.22145,3,MEDIUM,A1
1147,arxiv:2503.22524,4,HIGH,A3 | A8
1148,arxiv:2503.22634,5,MEDIUM,A1 | A5
1149,arxiv:2503.22943,6,HIGH,A1
1150,arxiv:2503.24070,7,HIGH,A6
1151,arxiv:2504.03420,8,HIGH,A8
1152,arxiv:2504.03515,9,HIGH,A2
1153,arxiv:2504.06156,10,HIGH,A1
1154,arxiv:2504.08588,11,MEDIUM,A1
1155,arxiv:2504.08604,12,HIGH,A8
1156,arxiv:2504.11247,13,HIGH,A4
1157,arxiv:2504.11493,1,MEDIUM,A1
1158,arxiv:2504.12515,2,MEDIUM,A1
1159,arxiv:2504.12609,3,HIGH,A1
1160,arxiv:2504.13618,4,HIGH,A1
1161,arxiv:2504.14588,5,HIGH,A6
1162,arxiv:2504.14805,6,HIGH,A2
1163,arxiv:2504.16054,7,HIGH,A4 | A7
1164,arxiv:2504.18662,8,HIGH,A1
1165,arxiv:2504.19341,9,HIGH,A1
1166,arxiv:2504.19448,10,HIGH,A1
1167,arxiv:2504.20656,11,MEDIUM,A4
1168,arxiv:2505.00490,12,HIGH,A8
1169,arxiv:2505.00779,13,HIGH,A3
1170,arxiv:2505.01179,1,HIGH,A1
1171,arxiv:2505.01396,2,HIGH,A3
1172,arxiv:2505.01974,3,HIGH,A1
1173,arxiv:2505.02094,4,HIGH,A3 | A6
1174,arxiv:2505.03296,5,HIGH,A5
1175,arxiv:2505.05108,6,MEDIUM,A4
1176,arxiv:2505.05701,7,HIGH,A7
1177,arxiv:2505.06111,8,MEDIUM,A5
1178,arxiv:2505.06357,9,MEDIUM,A6
1179,arxiv:2505.06628,10,HIGH,A6
1180,arxiv:2505.07455,11,HIGH,A1
1181,arxiv:2505.07728,12,HIGH,A4 | A6 | A8
1182,arxiv:2505.07802,13,HIGH,A2
1183,arxiv:2505.07813,1,HIGH,A7
1184,arxiv:2505.08438,2,HIGH,A1
1185,arxiv:2505.08453,3,HIGH,A1 | A8
1186,arxiv:2505.08625,4,HIGH,A2
1187,arxiv:2505.09040,5,HIGH,A1
1188,arxiv:2505.09109,6,HIGH,A4 | A5
1189,arxiv:2505.09577,7,MEDIUM,A4 | A5
1190,arxiv:2505.09603,8,HIGH,A3 | A8
1191,arxiv:2505.10760,9,HIGH,A3 | A6 | A8
1192,arxiv:2505.10911,10,HIGH,A4
1193,arxiv:2505.10919,11,MEDIUM,A1
1194,arxiv:2505.12224,12,HIGH,A3 | A6
1195,arxiv:2505.12410,13,HIGH,A1
1196,arxiv:2505.12628,1,HIGH,A2
1197,arxiv:2505.12737,2,HIGH,A2
1198,arxiv:2505.13982,3,HIGH,A1
1199,arxiv:2505.14266,4,HIGH,A8
1200,arxiv:2505.14820,5,HIGH,A3 | A6
1201,arxiv:2505.14975,6,HIGH,A2
1202,arxiv:2505.15098,7,HIGH,A7
1203,arxiv:2505.16787,8,HIGH,A2
1204,arxiv:2505.18472,9,HIGH,A1
1205,arxiv:2505.18595,10,HIGH,A3
1206,arxiv:2505.18719,11,HIGH,A5 | A6
1207,arxiv:2505.18793,12,HIGH,A3 | A6
1208,arxiv:2505.19281,13,HIGH,A3
1209,arxiv:2505.20425,1,HIGH,A1
1210,arxiv:2505.20455,2,HIGH,A1 | A8
1211,arxiv:2505.20503,3,MEDIUM,A5
1212,arxiv:2505.20795,4,HIGH,A1 | A8
1213,arxiv:2505.21182,5,HIGH,A6
1214,arxiv:2505.21200,6,HIGH,A1
1215,arxiv:2505.21410,7,HIGH,A2
1216,arxiv:2505.21851,8,HIGH,A1
1217,arxiv:2505.22626,9,HIGH,A3 | A4 | A8
1218,arxiv:2506.00098,10,MEDIUM,A6
1219,arxiv:2506.01635,11,HIGH,A1
1220,arxiv:2506.01701,12,HIGH,A4
1221,arxiv:2506.01941,13,HIGH,A7
1222,arxiv:2506.02577,1,HIGH,A5
1223,arxiv:2506.03574,2,HIGH,A6
1224,arxiv:2506.04147,3,HIGH,A2
1225,arxiv:2506.04168,4,HIGH,A2
1226,arxiv:2506.04227,5,HIGH,A8
1227,arxiv:2506.05064,6,HIGH,A1 | A7
1228,arxiv:2506.05762,7,HIGH,A4
1229,arxiv:2506.05980,8,HIGH,A8
1230,arxiv:2506.07339,9,HIGH,A1
1231,arxiv:2506.07530,10,HIGH,A1
1232,arxiv:2506.07822,11,HIGH,A1
1233,arxiv:2506.08822,12,HIGH,A1
1234,arxiv:2506.09937,13,HIGH,A3
1235,arxiv:2506.10288,1,HIGH,A4
1236,arxiv:2506.10412,2,MEDIUM,A1
1237,arxiv:2506.10790,3,HIGH,A1
1238,arxiv:2506.11262,4,HIGH,A3 | A6
1239,arxiv:2506.11293,5,HIGH,A3
1240,arxiv:2506.11948,6,HIGH,A2
1241,arxiv:2506.12676,7,HIGH,A5
1242,arxiv:2506.12965,8,HIGH,A3 | A4
1243,arxiv:2506.13536,9,HIGH,A3 | A7 | A8
1244,arxiv:2506.13679,10,HIGH,A1
1245,arxiv:2506.13697,11,HIGH,A1
1246,arxiv:2506.13722,12,HIGH,A1
1247,arxiv:2506.14391,13,HIGH,A2
1248,arxiv:2506.14608,1,HIGH,A7
1249,arxiv:2506.14648,2,HIGH,A8
1250,arxiv:2506.15157,3,HIGH,A3 | A6
1251,arxiv:2506.15654,4,HIGH,A4
1252,arxiv:2506.15953,5,HIGH,A1
1253,arxiv:2506.16685,6,HIGH,A6
1254,arxiv:2506.17811,7,HIGH,A3
1255,arxiv:2506.18088,8,MEDIUM,A4 | A5
1256,arxiv:2506.18847,9,HIGH,A2
1257,arxiv:2506.19077,10,HIGH,A3
1258,arxiv:2506.19121,11,HIGH,A3 | A4
1259,arxiv:2506.20668,12,HIGH,A6
1260,arxiv:2506.21039,13,HIGH,A2
1261,arxiv:2506.22242,1,HIGH,A1
1262,arxiv:2506.23423,2,MEDIUM,A4
1263,arxiv:2506.24113,3,HIGH,A1
1264,arxiv:2507.01844,4,MEDIUM,A4
1265,arxiv:2507.03930,5,HIGH,A3 | A5
1266,arxiv:2507.04059,6,HIGH,A3 | A4
1267,arxiv:2507.05477,7,HIGH,A8
1268,arxiv:2507.05674,8,HIGH,A5
1269,arxiv:2507.06219,9,HIGH,A5 | A7 | A8
1270,arxiv:2507.06519,10,HIGH,A6
1271,arxiv:2507.06547,11,HIGH,A3
1272,arxiv:2507.06710,12,HIGH,A1
1273,arxiv:2507.07058,13,MEDIUM,A5
1274,arxiv:2507.07969,1,HIGH,A2
1275,arxiv:2507.08210,2,MEDIUM,A8
1276,arxiv:2507.08707,3,HIGH,A6
1277,arxiv:2507.09371,4,HIGH,A3
1278,arxiv:2507.09404,5,MEDIUM,A7
1279,arxiv:2507.09424,6,HIGH,A3
1280,arxiv:2507.10174,7,HIGH,A5
1281,arxiv:2507.10899,8,HIGH,A1
1282,arxiv:2507.11895,9,HIGH,A4
1283,arxiv:2507.11910,10,MEDIUM,A1
1284,arxiv:2507.14582,11,HIGH,A2
1285,arxiv:2507.14731,12,HIGH,A7
1286,arxiv:2507.14740,13,HIGH,A3
1287,arxiv:2507.15062,1,HIGH,A1
1288,arxiv:2507.15150,2,MEDIUM,A1
1289,arxiv:2507.17294,3,HIGH,A1
1290,arxiv:2507.17664,4,HIGH,A1
1291,arxiv:2507.22380,5,HIGH,A7
1292,arxiv:2507.23253,6,MEDIUM,A1
1293,arxiv:2508.01600,7,HIGH,A7 | A8
1294,arxiv:2508.01943,8,HIGH,A1
1295,arxiv:2508.02219,9,HIGH,A2
1296,arxiv:2508.03129,10,HIGH,A3 | A6
1297,arxiv:2508.03693,11,HIGH,A8
1298,arxiv:2508.05342,12,HIGH,A4 | A5
1299,arxiv:2508.05396,13,HIGH,A1
1300,arxiv:2508.05941,1,HIGH,A6
1301,arxiv:2508.06319,2,HIGH,A3 | A4 | A5 | A8
1302,arxiv:2508.06426,3,HIGH,A7 | A8
1303,arxiv:2508.07770,4,HIGH,A2
1304,arxiv:2508.08706,5,HIGH,A1
1305,arxiv:2508.10511,6,HIGH,A4
1306,arxiv:2508.10538,7,HIGH,A5
1307,arxiv:2508.10866,8,HIGH,A4
1308,arxiv:2508.11286,9,HIGH,A6
1309,arxiv:2508.13073,10,HIGH,A1
1310,arxiv:2508.13901,11,MEDIUM,A4
1311,arxiv:2508.13922,12,HIGH,A2
1312,arxiv:2508.14379,13,HIGH,A1
1313,arxiv:2508.14542,1,HIGH,A6
1314,arxiv:2508.15327,2,HIGH,A5
1315,arxiv:2508.15669,3,HIGH,A6
1316,arxiv:2508.17481,4,HIGH,A3
1317,arxiv:2508.17643,5,HIGH,A1
1318,arxiv:2508.18691,6,HIGH,A1
1319,arxiv:2508.18817,7,MEDIUM,A8
1320,arxiv:2508.19476,8,HIGH,A1
1321,arxiv:2508.19958,9,HIGH,A2
1322,arxiv:2509.00178,10,HIGH,A8
1323,arxiv:2509.00310,11,HIGH,A8
1324,arxiv:2509.01657,12,HIGH,A3 | A8
1325,arxiv:2509.01746,13,HIGH,A6
1326,arxiv:2509.01819,1,HIGH,A1
1327,arxiv:2509.02722,2,MEDIUM,A3
1328,arxiv:2509.04018,3,HIGH,A6
1329,arxiv:2509.07953,4,HIGH,A3 | A6
1330,arxiv:2509.09671,5,HIGH,A6
1331,arxiv:2509.10952,6,HIGH,A1 | A7 | A8
1332,arxiv:2509.11480,7,HIGH,A1
1333,arxiv:2509.11865,8,HIGH,A7
1334,arxiv:2509.15212,9,MEDIUM,A8
1335,arxiv:2509.15937,10,HIGH,A3 | A6
1336,arxiv:2509.15950,11,MEDIUM,A4
1337,arxiv:2509.15981,12,MEDIUM,A8
1338,arxiv:2509.16550,13,HIGH,A1
1339,arxiv:2509.17057,1,MEDIUM,A4
1340,arxiv:2509.17638,2,HIGH,A1
1341,arxiv:2509.17666,3,HIGH,A6
1342,arxiv:2509.18631,4,HIGH,A1
1343,arxiv:2509.19012,5,MEDIUM,A7
1344,arxiv:2509.19102,6,HIGH,A2
1345,arxiv:2509.19292,7,MEDIUM,A3
1346,arxiv:2509.19853,8,HIGH,A1 | A3 | A4
1347,arxiv:2509.20612,9,MEDIUM,A8
1348,arxiv:2509.21723,10,HIGH,A7
1349,arxiv:2509.22093,11,HIGH,A1
1350,arxiv:2509.22407,12,HIGH,A5
1351,arxiv:2509.22578,13,HIGH,A2 | A7
1352,arxiv:2509.23111,1,HIGH,A1
1353,arxiv:2509.23155,2,HIGH,A6
1354,arxiv:2509.23308,3,MEDIUM,A8
1355,arxiv:2509.23829,4,HIGH,A7
1356,arxiv:2509.25097,5,HIGH,A5
1357,arxiv:2509.25358,6,HIGH,A5
1358,arxiv:2509.25438,7,HIGH,A8
1359,arxiv:2509.25681,8,HIGH,A1
1360,arxiv:2509.26294,9,MEDIUM,A3
1361,arxiv:2509.26308,10,HIGH,A3
1362,arxiv:2510.00726,11,HIGH,A7
1363,arxiv:2510.01479,12,HIGH,A3 | A5
1364,arxiv:2510.01642,13,HIGH,A6
1365,arxiv:2510.01661,1,HIGH,A2
1366,arxiv:2510.02298,2,HIGH,A3 | A4 | A7 | A8
1367,arxiv:2510.03011,3,HIGH,A1
1368,arxiv:2510.04978,4,MEDIUM,A4
1369,arxiv:2510.05684,5,HIGH,A2 | A7
1370,arxiv:2510.07030,6,HIGH,A6
1371,arxiv:2510.07773,7,HIGH,A7
1372,arxiv:2510.08547,8,HIGH,A3
1373,arxiv:2510.09096,9,HIGH,A6
1374,arxiv:2510.09459,10,HIGH,A3
1375,arxiv:2510.09877,11,MEDIUM,A8
1376,arxiv:2510.10217,12,HIGH,A8
1377,arxiv:2510.10274,13,HIGH,A4 | A5 | A6 | A7
1378,arxiv:2510.11499,1,HIGH,A4
1379,arxiv:2510.11832,2,MEDIUM,A3
1380,arxiv:2510.13324,3,HIGH,A1
1381,arxiv:2510.14467,4,HIGH,A3 | A6
1382,arxiv:2510.14830,5,HIGH,A2
1383,arxiv:2510.14930,6,HIGH,A1
1384,arxiv:2510.15189,7,HIGH,A5
1385,arxiv:2510.16732,8,HIGH,A1
1386,arxiv:2510.17111,9,HIGH,A1
1387,arxiv:2510.17640,10,HIGH,A4 | A5 | A6
1388,arxiv:2510.18109,11,MEDIUM,A4
1389,arxiv:2510.18137,12,HIGH,A3
1390,arxiv:2510.18337,13,HIGH,A1
1391,arxiv:2510.19495,1,HIGH,A3 | A4 | A6 | A8
1392,arxiv:2510.20328,2,HIGH,A6
1393,arxiv:2510.20542,3,MEDIUM,A8
1394,arxiv:2510.20774,4,HIGH,A3 | A7
1395,arxiv:2510.21571,5,HIGH,A7
1396,arxiv:2510.22201,6,HIGH,A3
1397,arxiv:2510.23121,7,HIGH,A6
1398,arxiv:2510.23571,8,MEDIUM,A7
1399,arxiv:2510.24095,9,HIGH,A2
1400,arxiv:2510.24674,10,HIGH,A2
1401,arxiv:2510.24680,11,HIGH,A3
1402,arxiv:2510.24795,12,MEDIUM,A1 | A3
1403,arxiv:2510.24988,13,HIGH,A2
1404,arxiv:2510.25122,1,HIGH,A1
1405,arxiv:2510.26406,2,HIGH,A5 | A6
1406,arxiv:2510.26656,3,MEDIUM,A8
1407,arxiv:2510.26670,4,HIGH,A1
1408,arxiv:2510.26742,5,HIGH,A1
1409,arxiv:2510.27607,6,HIGH,A3
1410,arxiv:2511.00814,7,HIGH,A7
1411,arxiv:2511.01107,8,HIGH,A6
1412,arxiv:2511.01331,9,HIGH,A7
1413,arxiv:2511.02776,10,HIGH,A7
1414,arxiv:2511.03400,11,MEDIUM,A6
1415,arxiv:2511.04671,12,HIGH,A1 | A3
1416,arxiv:2511.05855,13,HIGH,A1
1417,arxiv:2511.07295,1,MEDIUM,A5
1418,arxiv:2511.07381,2,HIGH,A1
1419,arxiv:2511.08583,3,HIGH,A1
1420,arxiv:2511.08732,4,HIGH,A1
1421,arxiv:2511.09173,5,MEDIUM,A1
1422,arxiv:2511.10110,6,HIGH,A2 | A4
1423,arxiv:2511.10130,7,HIGH,A1
1424,arxiv:2511.10721,8,HIGH,A3 | A4
1425,arxiv:2511.14396,9,HIGH,A1
1426,arxiv:2511.14759,10,HIGH,A6
1427,arxiv:2511.16166,11,HIGH,A5
1428,arxiv:2511.17373,12,HIGH,A7
1429,arxiv:2511.18617,13,HIGH,A7 | A8
1430,arxiv:2511.19528,1,HIGH,A8
1431,arxiv:2511.19647,2,MEDIUM,A6
1432,arxiv:2511.20050,3,MEDIUM,A8
1433,arxiv:2511.22134,4,HIGH,A4
1434,arxiv:2511.22364,5,HIGH,A6
1435,arxiv:2511.22555,6,HIGH,A6
1436,arxiv:2512.00453,7,HIGH,A8
1437,arxiv:2512.01031,8,HIGH,A1
1438,arxiv:2512.01321,9,MEDIUM,A8
1439,arxiv:2512.01358,10,HIGH,A7
1440,arxiv:2512.01715,11,HIGH,A7
1441,arxiv:2512.01801,12,HIGH,A6
1442,arxiv:2512.02729,13,HIGH,A7
1443,arxiv:2512.04958,1,HIGH,A2
1444,arxiv:2512.05693,2,HIGH,A7
1445,arxiv:2512.05953,3,HIGH,A1
1446,arxiv:2512.06315,4,MEDIUM,A3
1447,arxiv:2512.07697,5,HIGH,A1
1448,arxiv:2512.08545,6,HIGH,A5
1449,arxiv:2512.09101,7,HIGH,A5
1450,arxiv:2512.09406,8,HIGH,A1
1451,arxiv:2512.10042,9,HIGH,A8
1452,arxiv:2512.10481,10,HIGH,A1
1453,arxiv:2512.10946,11,HIGH,A1
1454,arxiv:2512.11769,12,HIGH,A1
1455,arxiv:2512.12842,13,HIGH,A5
1456,arxiv:2512.12939,1,MEDIUM,A1
1457,arxiv:2512.13100,2,HIGH,A7
1458,arxiv:2512.14115,3,HIGH,A1
1459,arxiv:2512.16861,4,HIGH,A2
1460,arxiv:2512.17899,5,MEDIUM,A7
1461,arxiv:2512.18238,6,HIGH,A1
1462,arxiv:2512.18368,7,HIGH,A2
1463,arxiv:2512.18583,8,MEDIUM,A6
1464,arxiv:2512.19270,9,HIGH,A4
1465,arxiv:2512.19402,10,HIGH,A7 | A8
1466,arxiv:2512.20188,11,HIGH,A1
1467,arxiv:2512.21235,12,HIGH,A3 | A4 | A7 | A8
1468,arxiv:2512.22414,13,HIGH,A7
1469,arxiv:2512.22824,1,HIGH,A5
1470,arxiv:2512.22983,2,HIGH,A1
1471,arxiv:2512.23239,3,HIGH,A4
1472,arxiv:2512.23541,4,HIGH,A2
1473,arxiv:2512.24653,5,HIGH,A7
1474,arxiv:2601.00451,6,MEDIUM,A4
1475,arxiv:2601.00675,7,HIGH,A5 | A6
1476,arxiv:2601.01618,8,MEDIUM,A4
1477,arxiv:2601.01651,9,HIGH,A2
1478,arxiv:2601.02078,10,MEDIUM,A4 | A7
1479,arxiv:2601.02427,11,MEDIUM,A5
1480,arxiv:2601.02456,12,HIGH,A4 | A7
1481,arxiv:2601.03038,13,MEDIUM,A4
1482,arxiv:2601.03044,1,HIGH,A5 | A6
1483,arxiv:2601.03136,2,HIGH,A5 | A7
1484,arxiv:2601.03309,3,MEDIUM,A4
1485,arxiv:2601.03509,4,HIGH,A2
1486,arxiv:2601.03715,5,MEDIUM,A6
1487,arxiv:2601.04356,6,HIGH,A1
1488,arxiv:2601.04629,7,MEDIUM,A4
1489,arxiv:2601.05230,8,MEDIUM,A4
1490,arxiv:2601.05241,9,MEDIUM,A4 | A5
1491,arxiv:2601.06133,10,MEDIUM,A5
1492,arxiv:2601.06436,11,MEDIUM,A4
1493,arxiv:2601.06647,12,MEDIUM,A1
1494,arxiv:2601.07060,13,HIGH,A2 | A4
1495,arxiv:2601.07821,1,HIGH,A3 | A6
1496,arxiv:2601.07823,2,MEDIUM,A4
1497,arxiv:2601.08828,3,MEDIUM,A4
1498,arxiv:2601.09163,4,HIGH,A4 | A7
1499,arxiv:2601.09444,5,MEDIUM,A4
1500,arxiv:2601.09605,6,MEDIUM,A4
1501,arxiv:2601.09708,7,MEDIUM,A4
1502,arxiv:2601.10645,8,MEDIUM,A4
1503,arxiv:2601.10738,9,HIGH,A2
1504,arxiv:2601.11250,10,MEDIUM,A4
1505,arxiv:2601.11269,11,MEDIUM,A4
1506,arxiv:2601.11625,12,MEDIUM,A4
1507,arxiv:2601.12397,13,HIGH,A5
1508,arxiv:2601.12428,1,MEDIUM,A5
1509,arxiv:2601.12925,2,HIGH,A1
1510,arxiv:2601.12988,3,HIGH,A2
1511,arxiv:2601.12993,4,HIGH,A7
1512,arxiv:2601.13042,5,MEDIUM,A5
1513,arxiv:2601.13122,6,MEDIUM,A4
1514,arxiv:2601.13697,7,MEDIUM,A4
1515,arxiv:2601.13899,8,MEDIUM,A4
1516,arxiv:2601.14133,9,MEDIUM,A4
1517,arxiv:2601.14209,10,MEDIUM,A6
1518,arxiv:2601.14945,11,HIGH,A1 | A4
1519,arxiv:2601.14971,12,MEDIUM,A4
1520,arxiv:2601.15197,13,HIGH,A7
1521,arxiv:2601.16065,1,MEDIUM,A4
1522,arxiv:2601.16212,2,HIGH,A1 | A4 | A5 | A8
1523,arxiv:2601.16651,3,MEDIUM,A4
1524,arxiv:2601.17287,4,MEDIUM,A1
1525,arxiv:2601.17923,5,HIGH,A2
1526,arxiv:2601.18733,6,MEDIUM,A4
1527,arxiv:2601.19040,7,MEDIUM,A4
1528,arxiv:2601.19406,8,MEDIUM,A1 | A4
1529,arxiv:2601.19452,9,HIGH,A2 | A6
1530,arxiv:2601.19510,10,MEDIUM,A4
1531,arxiv:2601.19514,11,HIGH,A4 | A7
1532,arxiv:2601.19634,12,MEDIUM,A4
1533,arxiv:2601.20239,13,HIGH,A1
1534,arxiv:2601.20870,1,HIGH,A1
1535,arxiv:2601.21251,2,HIGH,A5
1536,arxiv:2601.21449,3,MEDIUM,A4
1537,arxiv:2601.21570,4,MEDIUM,A4
1538,arxiv:2601.21698,5,MEDIUM,A4
1539,arxiv:2601.21702,6,MEDIUM,A4
1540,arxiv:2601.21754,7,MEDIUM,A4
1541,arxiv:2601.21971,8,HIGH,A7
1542,arxiv:2601.21998,9,HIGH,A1
1543,arxiv:2601.22018,10,HIGH,A1
1544,arxiv:2601.22108,11,MEDIUM,A4
1545,arxiv:2601.22595,12,MEDIUM,A8
1546,arxiv:2601.23156,13,HIGH,A2
1547,arxiv:2602.00401,1,HIGH,A2
1548,arxiv:2602.00514,2,HIGH,A1
1549,arxiv:2602.00557,3,HIGH,A4 | A5
1550,arxiv:2602.00678,4,MEDIUM,A4
1551,arxiv:2602.00686,5,MEDIUM,A1 | A4
1552,arxiv:2602.00780,6,HIGH,A1 | A4
1553,arxiv:2602.00807,7,HIGH,A7
1554,arxiv:2602.00919,8,HIGH,A1 | A5
1555,arxiv:2602.01067,9,HIGH,A4 | A7
1556,arxiv:2602.01166,10,MEDIUM,A4
1557,arxiv:2602.01312,11,HIGH,A3 | A4
1558,arxiv:2602.02055,12,MEDIUM,A5
1559,arxiv:2602.02773,13,MEDIUM,A6
1560,arxiv:2602.03310,1,HIGH,A7
1561,arxiv:2602.03389,2,HIGH,A2
1562,arxiv:2602.03793,3,MEDIUM,A4
1563,arxiv:2602.03920,4,HIGH,A3
1564,arxiv:2602.04213,5,HIGH,A6 | A7
1565,arxiv:2602.04215,6,MEDIUM,A4
1566,arxiv:2602.04228,7,MEDIUM,A4
1567,arxiv:2602.04278,8,HIGH,A4
1568,arxiv:2602.04315,9,HIGH,A4 | A8
1569,arxiv:2602.04880,10,MEDIUM,A4
1570,arxiv:2602.05051,11,MEDIUM,A5
1571,arxiv:2602.05319,12,MEDIUM,A1
1572,arxiv:2602.05400,13,MEDIUM,A4
1573,arxiv:2602.05441,1,MEDIUM,A4
1574,arxiv:2602.06512,2,HIGH,A7
1575,arxiv:2602.06556,3,MEDIUM,A4
1576,arxiv:2602.07256,4,MEDIUM,A4
1577,arxiv:2602.07322,5,HIGH,A1
1578,arxiv:2602.08167,6,HIGH,A7
1579,arxiv:2602.08245,7,HIGH,A1
1580,arxiv:2602.08602,8,HIGH,A2
1581,arxiv:2602.09017,9,MEDIUM,A4
1582,arxiv:2602.09021,10,HIGH,A6
1583,arxiv:2602.09722,11,HIGH,A7
1584,arxiv:2602.10015,12,HIGH,A2
1585,arxiv:2602.10097,13,MEDIUM,A4
1586,arxiv:2602.10106,1,HIGH,A7
1587,arxiv:2602.10289,2,HIGH,A3
1588,arxiv:2602.10458,3,MEDIUM,A5
1589,arxiv:2602.10793,4,HIGH,A1
1590,arxiv:2602.11018,5,HIGH,A3 | A6
1591,arxiv:2602.11075,6,HIGH,A3 | A6
1592,arxiv:2602.11464,7,HIGH,A5
1593,arxiv:2602.11885,8,MEDIUM,A4
1594,arxiv:2602.11978,9,HIGH,A3
1595,arxiv:2602.12062,10,MEDIUM,A3
1596,arxiv:2602.12532,11,MEDIUM,A6
1597,arxiv:2602.12628,12,HIGH,A1 | A4 | A7
1598,arxiv:2602.12633,13,MEDIUM,A4
1599,arxiv:2602.12978,1,HIGH,A1
1600,arxiv:2602.13086,2,HIGH,A6
1601,arxiv:2602.13718,3,HIGH,A1
1602,arxiv:2602.13764,4,HIGH,A7
1603,arxiv:2602.13806,5,HIGH,A7
1604,arxiv:2602.13810,6,MEDIUM,A5
1605,arxiv:2602.13865,7,HIGH,A2
1606,arxiv:2602.14032,8,HIGH,A7
1607,arxiv:2602.14255,9,HIGH,A1
1608,arxiv:2602.14869,10,HIGH,A3
1609,arxiv:2602.15351,11,MEDIUM,A6
1610,arxiv:2602.15567,12,HIGH,A1
1611,arxiv:2602.15922,13,HIGH,A7
1612,arxiv:2602.16444,1,HIGH,A4 | A6 | A7
1613,arxiv:2602.16911,2,HIGH,A2 | A4
1614,arxiv:2602.17206,3,HIGH,A1
1615,arxiv:2602.17259,4,HIGH,A7
1616,arxiv:2602.17835,5,MEDIUM,A4
1617,arxiv:2602.18025,6,HIGH,A3 | A6 | A7
1618,arxiv:2602.18694,7,HIGH,A2
1619,arxiv:2602.18742,8,HIGH,A3
1620,arxiv:2602.18817,9,MEDIUM,A6
1621,arxiv:2602.19634,10,HIGH,A2
1622,arxiv:2602.19764,11,MEDIUM,A4
1623,arxiv:2602.19943,12,MEDIUM,A4
1624,arxiv:2602.20207,13,MEDIUM,A4
1625,arxiv:2602.20231,1,HIGH,A7
1626,arxiv:2602.20715,2,HIGH,A5
1627,arxiv:2602.21013,3,MEDIUM,A4
1628,arxiv:2602.21302,4,HIGH,A6
1629,arxiv:2602.22474,5,HIGH,A8
1630,arxiv:2602.22579,6,MEDIUM,A5
1631,arxiv:2602.22801,7,MEDIUM,A5
1632,arxiv:2602.22862,8,HIGH,A7
1633,arxiv:2602.23770,9,HIGH,A4
1634,arxiv:2602.23893,10,HIGH,A3
1635,arxiv:2602.24138,11,MEDIUM,A1
1636,arxiv:2602.24143,12,HIGH,A7
1637,arxiv:2603.00020,13,MEDIUM,A5
1638,arxiv:2603.01474,1,HIGH,A1 | A7
1639,arxiv:2603.02104,2,HIGH,A5
1640,arxiv:2603.02115,3,HIGH,A6
1641,arxiv:2603.02139,4,HIGH,A7
1642,arxiv:2603.02623,5,MEDIUM,A7
1643,arxiv:2603.02688,6,HIGH,A1
1644,arxiv:2603.03195,7,MEDIUM,A4
1645,arxiv:2603.03243,8,MEDIUM,A8
1646,arxiv:2603.03278,9,HIGH,A4 | A8
1647,arxiv:2603.04249,10,HIGH,A7
1648,arxiv:2603.04356,11,MEDIUM,A4
1649,arxiv:2603.04585,12,HIGH,A8
1650,arxiv:2603.04913,13,MEDIUM,A4
1651,arxiv:2603.05113,1,HIGH,A5
1652,arxiv:2603.05504,2,HIGH,A5 | A8
1653,arxiv:2603.05670,3,HIGH,A5 | A7 | A8
1654,arxiv:2603.06280,4,HIGH,A7
1655,arxiv:2603.06450,5,HIGH,A7
1656,arxiv:2603.06987,6,HIGH,A3
1657,arxiv:2603.07663,7,HIGH,A5
1658,arxiv:2603.08057,8,HIGH,A3
1659,arxiv:2603.08122,9,HIGH,A1
1660,arxiv:2603.08269,10,HIGH,A4
1661,arxiv:2603.08342,11,HIGH,A1
1662,arxiv:2603.08349,12,HIGH,A1
1663,arxiv:2603.09056,13,HIGH,A3 | A4 | A8
1664,arxiv:2603.09226,1,HIGH,A4 | A7
1665,arxiv:2603.09513,2,MEDIUM,A4
1666,arxiv:2603.09741,3,HIGH,A1
1667,arxiv:2603.10422,4,MEDIUM,A4
1668,arxiv:2603.11400,5,HIGH,A4
1669,arxiv:2603.11426,6,HIGH,A4 | A7 | A8
1670,arxiv:2603.11558,7,HIGH,A3
1671,arxiv:2603.11634,8,HIGH,A4 | A5
1672,arxiv:2603.11809,9,HIGH,A1
1673,arxiv:2603.12075,10,MEDIUM,A1
1674,arxiv:2603.12480,11,HIGH,A1
1675,arxiv:2603.13033,12,MEDIUM,A4
1676,arxiv:2603.13433,13,HIGH,A7
1677,arxiv:2603.13524,1,MEDIUM,A4
1678,arxiv:2603.13616,2,HIGH,A7
1679,arxiv:2603.13708,3,MEDIUM,A4
1680,arxiv:2603.13788,4,HIGH,A1
1681,arxiv:2603.13966,5,MEDIUM,A4
1682,arxiv:2603.14397,6,HIGH,A1
1683,arxiv:2603.14522,7,HIGH,A7
1684,arxiv:2603.14811,8,MEDIUM,A4
1685,arxiv:2603.15152,9,HIGH,A1
1686,arxiv:2603.15618,10,MEDIUM,A5
1687,arxiv:2603.15620,11,MEDIUM,A5
1688,arxiv:2603.16542,12,HIGH,A3
1689,arxiv:2603.17850,13,HIGH,A1
1690,arxiv:2603.18532,1,HIGH,A5 | A7
1691,arxiv:2603.18784,2,HIGH,A1
1692,arxiv:2603.19199,3,HIGH,A1 | A7
1693,arxiv:2603.21539,4,HIGH,A3 | A4
1694,arxiv:2603.21543,5,HIGH,A3 | A4
1695,arxiv:2603.21669,6,MEDIUM,A4
1696,arxiv:2603.22078,7,HIGH,A1
1697,arxiv:2603.22430,8,MEDIUM,A5
1698,arxiv:2603.22750,9,MEDIUM,A8
1699,arxiv:2603.23672,10,HIGH,A1
1700,arxiv:2603.24806,11,HIGH,A2
1701,arxiv:2603.25903,12,HIGH,A5
1702,arxiv:2603.27346,13,HIGH,A5
1703,arxiv:2604.00557,1,HIGH,A7
1704,arxiv:2604.02714,2,HIGH,A4
1705,arxiv:2604.03037,3,HIGH,A5
1706,arxiv:2604.03208,4,HIGH,A2
1707,arxiv:2604.03523,5,HIGH,A5
1708,arxiv:2604.03759,6,HIGH,A2
1709,arxiv:2604.04225,7,MEDIUM,A8
1710,arxiv:2604.05614,8,MEDIUM,A1
1711,arxiv:2604.06067,9,HIGH,A2
1712,arxiv:2604.08664,10,HIGH,A4
1713,arxiv:2604.10677,11,HIGH,A1
1714,arxiv:2604.12303,12,MEDIUM,A8
1715,arxiv:2604.12509,13,HIGH,A5
1716,arxiv:2604.13788,1,HIGH,A3
1717,arxiv:2604.15215,2,HIGH,A1
1718,arxiv:2604.15938,3,HIGH,A5
1719,arxiv:2604.16683,4,HIGH,A6
1720,arxiv:2604.20100,5,HIGH,A7
1721,arxiv:2604.21924,6,HIGH,A2
1722,arxiv:2604.22893,7,HIGH,A4
1723,arxiv:2604.23000,8,HIGH,A2 | A3 | A5
1724,arxiv:2604.23360,9,HIGH,A3 | A4 | A6
1725,arxiv:2604.24681,10,HIGH,A2
1726,arxiv:2604.26637,11,HIGH,A2
1727,arxiv:2604.26848,12,HIGH,A1
1728,arxiv:2604.27792,13,HIGH,A7
1729,arxiv:2605.00159,1,HIGH,A8
1730,arxiv:2605.01529,2,HIGH,A3 | A6
1731,arxiv:2605.01544,3,HIGH,A3
1732,arxiv:2605.07560,4,HIGH,A4 | A8
1733,arxiv:2605.08168,5,HIGH,A1
1734,arxiv:2605.08774,6,HIGH,A2
1735,arxiv:2605.10166,7,HIGH,A3
1736,arxiv:2605.11009,8,HIGH,A2
1737,arxiv:2605.12084,9,HIGH,A8
1738,arxiv:2605.12715,10,MEDIUM,A7
1739,arxiv:2605.15492,11,HIGH,A5
1740,arxiv:2605.15536,12,HIGH,A2
1741,arxiv:2605.18814,13,HIGH,A4
1742,arxiv:2605.19294,1,HIGH,A1
1743,arxiv:2605.19771,2,HIGH,A6
1744,arxiv:2605.20811,3,HIGH,A7
1745,arxiv:2605.21719,4,MEDIUM,A8
1746,arxiv:2605.24810,5,HIGH,A4
1747,arxiv:2605.25044,6,HIGH,A7
1748,arxiv:2605.25414,7,HIGH,A3 | A7
1749,arxiv:2605.26349,8,HIGH,A3
1750,arxiv:2605.27114,9,HIGH,A8
1751,arxiv:2605.29407,10,HIGH,A1
1752,arxiv:2605.30280,11,HIGH,A4 | A5 | A7
1753,arxiv:2605.30903,12,HIGH,A6
1754,arxiv:2605.30957,13,HIGH,A6
1755,arxiv:2606.01098,1,HIGH,A5
1756,arxiv:2606.03949,2,HIGH,A6
1757,arxiv:2606.04708,3,HIGH,A8
1758,arxiv:2606.04968,4,HIGH,A5
1759,arxiv:2606.05588,5,HIGH,A3 | A6
1760,arxiv:2606.06323,6,HIGH,A6
1761,arxiv:2606.09381,7,HIGH,A4 | A6
1762,arxiv:2606.09758,8,HIGH,A8
1763,arxiv:2606.10305,9,HIGH,A5
1764,arxiv:2606.10363,10,HIGH,A2
1765,arxiv:2606.10918,11,HIGH,A4
1766,arxiv:2606.12105,12,HIGH,A1
1767,arxiv:2606.12365,13,HIGH,A3 | A5 | A6
1768,arxiv:2606.14551,1,HIGH,A1
1769,arxiv:2606.15285,2,HIGH,A1
1770,arxiv:2606.15514,3,HIGH,A8
1771,arxiv:2606.15587,4,HIGH,A2
1772,arxiv:2606.15654,5,MEDIUM,A8
1773,arxiv:2606.16208,6,HIGH,A4
1774,arxiv:2606.16888,7,HIGH,A3
1775,arxiv:2606.17846,8,HIGH,A1 | A7
1776,arxiv:2606.18043,9,HIGH,A8
1777,arxiv:2606.18307,10,HIGH,A4
1778,arxiv:2606.18531,11,HIGH,A4
1779,arxiv:2606.20871,12,HIGH,A3
1780,arxiv:2606.22113,13,HIGH,A7
1781,arxiv:2606.22480,1,HIGH,A1
1782,arxiv:2606.22907,2,HIGH,A3 | A4 | A5
1783,arxiv:2606.23617,3,HIGH,A8
1784,arxiv:2606.24049,4,HIGH,A7
1785,arxiv:2606.24051,5,MEDIUM,A8
1786,arxiv:2606.24078,6,HIGH,A4
1787,arxiv:2606.24633,7,HIGH,A3 | A5 | A6
1788,arxiv:2606.25488,8,HIGH,A4
1789,arxiv:2606.25985,9,HIGH,A1
1790,arxiv:2606.27295,10,MEDIUM,A8
1791,arxiv:2606.27813,11,MEDIUM,A3
1792,arxiv:2606.28320,12,HIGH,A3 | A5
1793,arxiv:2606.29028,13,HIGH,A2
1794,arxiv:2606.29517,1,HIGH,A8
1795,arxiv:2606.31836,2,HIGH,A1
1796,arxiv:2607.01225,3,HIGH,A5
1797,arxiv:2607.01586,4,HIGH,A1
1798,arxiv:2607.01651,5,HIGH,A4
1799,arxiv:2607.01804,6,HIGH,A2
1800,arxiv:2607.02431,7,HIGH,A4
1801,arxiv:2607.03283,8,HIGH,A2
1802,arxiv:2607.04591,9,HIGH,A4
1803,arxiv:2607.05377,10,HIGH,A2
1804,arxiv:2607.06442,11,HIGH,A3 | A4 | A8
1805,arxiv:2607.06978,12,HIGH,A2
1806,arxiv:2607.08590,13,MEDIUM,A8
1807,arxiv:2607.08751,1,HIGH,A7
1808,arxiv:2607.08925,2,HIGH,A6
1809,arxiv:2607.09428,3,HIGH,A8
1810,arxiv:2607.09515,4,HIGH,A2
1811,arxiv:2607.09866,5,HIGH,A4
1812,arxiv:2607.11027,6,HIGH,A2
1813,arxiv:2607.12287,7,MEDIUM,A1
1814,arxiv:2607.13033,8,HIGH,A6
1815,arxiv:2607.13429,9,MEDIUM,A1
1816,arxiv:2607.15275,10,HIGH,A4
1817,arxiv:2607.16858,11,MEDIUM,A8
1818,arxiv:2607.17257,12,HIGH,A1
1819,arxiv:2607.18709,13,HIGH,A2
1820,arxiv:2607.18840,1,HIGH,A2
1821,arxiv:2607.19199,2,HIGH,A4 | A8
1822,arxiv:2607.19745,3,HIGH,A6
1823,arxiv:2607.21111,4,HIGH,A4
1824,arxiv:2607.23755,5,HIGH,A1
1825,arxiv:2607.26460,6,HIGH,A2
1826,arxiv:2607.27549,7,HIGH,A7
1827,arxiv:2607.27782,8,HIGH,A5
1828,arxiv:2607.29169,9,HIGH,A1
1829,arxiv:2607.29285,10,HIGH,A1 | A2
1830,arxiv:2608.00569,11,HIGH,A1
1831,arxiv:2608.01265,12,HIGH,A2
1832,arxiv:2608.02580,13,HIGH,A7
1833,arxiv:2608.03089,1,HIGH,A4
1834,arxiv:2608.03103,2,HIGH,A2
1835,arxiv:2608.04425,3,HIGH,A2
1836,arxiv:2608.05674,4,HIGH,A1
1837,arxiv:2608.05970,5,HIGH,A2
1838,arxiv:2608.06221,6,HIGH,A2
1839,arxiv:2608.06374,7,HIGH,A7
1840,arxiv:2608.07895,8,HIGH,A3 | A4
1841,arxiv:2608.14028,9,HIGH,A7
1842,arxiv:2608.15026,10,MEDIUM,A1
1843,arxiv:2608.15680,11,HIGH,A8
1844,arxiv:2608.15875,12,HIGH,A7
1845,arxiv:2608.18787,13,HIGH,A6
1846,arxiv:2608.19684,1,HIGH,A8
1847,arxiv:2608.20208,2,HIGH,A5
1848,arxiv:2608.26058,3,HIGH,A7
1849,arxiv:2608.26067,4,HIGH,A1
1850,arxiv:2608.26645,5,HIGH,A6
1851,arxiv:2608.26821,6,HIGH,A1
1852,arxiv:cs/0610033,7,MEDIUM,A1
1853,arxiv:cs/9905014,8,HIGH,A2
1854,doi:10.1002/rcs.70072,9,HIGH,A1
1855,doi:10.1007/s00422-014-0599-1,10,MEDIUM,A6
1856,doi:10.1016/j.artmed.2008.11.007,11,MEDIUM,A1
1857,doi:10.1016/j.gaitpost.2018.04.029,12,MEDIUM,A1
1858,doi:10.1016/j.robot.2026.105649,13,HIGH,A5 | A8
1859,doi:10.1080/17588928.2015.1020053,1,MEDIUM,A8
1860,doi:10.1093/bioinformatics/17.6.495,2,MEDIUM,A1
1861,doi:10.1093/bioinformatics/bth141,3,MEDIUM,A1
1862,doi:10.1101/331751,4,HIGH,A1
1863,doi:10.1109/cvpr42600.2020.00951,5,MEDIUM,A1
1864,doi:10.1109/iccv51701.2025.00998,6,HIGH,A1
1865,doi:10.1109/iros60139.2025.11246741,7,HIGH,A7
1866,doi:10.1109/lra.2026.3693577,8,HIGH,A7 | A8
1867,doi:10.1109/lra.2026.3698364,9,HIGH,A6
1868,doi:10.1109/lra.2026.3703978,10,MEDIUM,A8
1869,doi:10.1109/lra.2026.3703998,11,HIGH,A5
1870,doi:10.1109/lra.2026.3710367,12,HIGH,A1
1871,doi:10.1109/tip.2009.2017143,13,MEDIUM,A1
1872,doi:10.1109/tnnls.2023.3339770,1,MEDIUM,A5
1873,doi:10.1109/tnnls.2024.3488358,2,HIGH,A5
1874,doi:10.1109/tnnls.2026.3717134,3,HIGH,A4 | A5
1875,doi:10.1109/tpami.2008.167,4,HIGH,A1
1876,doi:10.1109/tpami.2008.301,5,MEDIUM,A1
1877,doi:10.1109/tpami.2010.68,6,HIGH,A1
1878,doi:10.1109/tpami.2012.137,7,MEDIUM,A1
1879,doi:10.1109/tpami.2015.2414429,8,HIGH,A1
1880,doi:10.1109/tpami.2017.2710047,9,HIGH,A1
1881,doi:10.1109/tpami.2018.2858826,10,MEDIUM,A5
1882,doi:10.1109/tsmcb.2012.2185694,11,HIGH,A1
1883,doi:10.1126/scirobotics.adv7594,12,HIGH,A5
1884,doi:10.1145/2339530.2339576,13,MEDIUM,A1
1885,doi:10.1186/1471-2105-7-246,1,MEDIUM,A1
1886,doi:10.1186/1471-2105-8-s10-s4,2,MEDIUM,A1
1887,doi:10.1186/1759-4499-2-1,3,MEDIUM,A6
1888,doi:10.1186/s42490-026-00114-x,4,HIGH,A1
1889,doi:10.3389/fnbot.2020.00055,5,HIGH,A1
1890,doi:10.3389/fnbot.2026.1846433,6,MEDIUM,A1
1891,doi:10.3389/fnbot.2026.1860170,7,HIGH,A1
1892,doi:10.3389/frobt.2025.1682437,8,MEDIUM,A6
1893,doi:10.3390/s17122894,9,HIGH,A1
1894,doi:10.3390/s20082209,10,HIGH,A1
1895,doi:10.3390/s22051968,11,HIGH,A1
1896,doi:10.3390/s25247574,12,HIGH,A1
1897,doi:10.3390/s26010165,13,MEDIUM,A1
1898,pmcid:pmc4451827,1,MEDIUM,A2
1899,pmid:31395285,2,HIGH,A2
1900,pmid:40602234,3,HIGH,A2
1901,pmid:42268767,4,HIGH,A3
