"pass2_index","paper_id","assigned_agent","first_pass_classification","source_lane"
"0","arxiv:0704.3890","1","MEDIUM","B1"
"1","arxiv:0809.2350","2","MEDIUM","B5"
"2","arxiv:0901.2685","3","HIGH","B7"
"3","arxiv:1003.0054","4","MEDIUM","B5"
"4","arxiv:1003.0955","5","HIGH","B3 | B8"
"5","arxiv:1004.1864","1","MEDIUM","B5"
"6","arxiv:1005.2894","2","MEDIUM","B1"
"7","arxiv:1005.3450","3","MEDIUM","B8"
"8","arxiv:1007.0522","4","HIGH","B5"
"9","arxiv:1107.2003","5","MEDIUM","B8"
"10","arxiv:1108.4063","1","MEDIUM","B4"
"11","arxiv:1112.4428","2","MEDIUM","B2"
"12","arxiv:1202.0784","3","HIGH","B5"
"13","arxiv:1204.3100","4","HIGH","B5"
"14","arxiv:1205.6018","5","HIGH","B5"
"15","arxiv:1211.0779","1","MEDIUM","B4"
"16","arxiv:1212.1216","2","MEDIUM","B1"
"17","arxiv:1212.5204","3","MEDIUM","B8"
"18","arxiv:1303.4370","4","HIGH","B5"
"19","arxiv:1304.3258","5","MEDIUM","B4"
"20","arxiv:1311.6914","1","HIGH","B1 | B7"
"21","arxiv:1402.6693","2","HIGH","B5"
"22","arxiv:1403.5151","3","MEDIUM","B5"
"23","arxiv:1405.6477","4","HIGH","B1"
"24","arxiv:1409.4842","5","MEDIUM","B6"
"25","arxiv:1410.8176","1","HIGH","B1"
"26","arxiv:1412.4390","2","MEDIUM","B4"
"27","arxiv:1412.7888","3","HIGH","B1"
"28","arxiv:1503.00100","4","HIGH","B5"
"29","arxiv:1505.05364","5","MEDIUM","B5"
"30","arxiv:1506.01154","1","HIGH","B5"
"31","arxiv:1506.07584","2","MEDIUM","B1"
"32","arxiv:1506.08603","3","MEDIUM","B5"
"33","arxiv:1508.07123","4","MEDIUM","B8"
"34","arxiv:1509.02308","5","HIGH","B6"
"35","arxiv:1510.02670","1","HIGH","B5"
"36","arxiv:1510.04488","2","MEDIUM","B4"
"37","arxiv:1511.01354","3","HIGH","B8"
"38","arxiv:1511.02960","4","MEDIUM","B4"
"39","arxiv:1511.04792","5","HIGH","B5"
"40","arxiv:1512.00567","1","MEDIUM","B6"
"41","arxiv:1512.05023","2","HIGH","B4"
"42","arxiv:1601.02284","3","HIGH","B5"
"43","arxiv:1602.03273","4","HIGH","B3"
"44","arxiv:1603.04199","5","MEDIUM","B2"
"45","arxiv:1604.05508","1","MEDIUM","B8"
"46","arxiv:1606.05962","2","HIGH","B1 | B2"
"47","arxiv:1607.02734","3","HIGH","B4"
"48","arxiv:1607.03830","4","HIGH","B1"
"49","arxiv:1607.04549","5","MEDIUM","B3"
"50","arxiv:1608.03676","1","HIGH","B3"
"51","arxiv:1608.06993","2","MEDIUM","B6"
"52","arxiv:1609.09281","3","MEDIUM","B1"
"53","arxiv:1610.04688","4","HIGH","B4"
"54","arxiv:1611.00580","5","HIGH","B2"
"55","arxiv:1612.03079","1","MEDIUM","B6"
"56","arxiv:1612.05205","2","HIGH","B1"
"57","arxiv:1702.04263","3","HIGH","B1 | B2"
"58","arxiv:1702.08176","4","MEDIUM","B5"
"59","arxiv:1703.07617","5","MEDIUM","B5"
"60","arxiv:1704.00592","1","HIGH","B5"
"61","arxiv:1705.05242","2","HIGH","B2 | B7"
"62","arxiv:1705.05937","3","MEDIUM","B8"
"63","arxiv:1705.06173","4","MEDIUM","B1"
"64","arxiv:1705.10408","5","HIGH","B1"
"65","arxiv:1707.07467","1","HIGH","B5"
"66","arxiv:1707.07540","2","MEDIUM","B5"
"67","arxiv:1708.06926","3","MEDIUM","B4"
"68","arxiv:1708.07353","4","HIGH","B5"
"69","arxiv:1709.10119","5","MEDIUM","B3"
"70","arxiv:1710.00649","1","HIGH","B5"
"71","arxiv:1710.08460","2","MEDIUM","B6"
"72","arxiv:1711.00745","3","MEDIUM","B4"
"73","arxiv:1711.03938","4","MEDIUM","B8"
"74","arxiv:1711.04993","5","MEDIUM","B5"
"75","arxiv:1712.03361","1","MEDIUM","B3"
"76","arxiv:1712.06139","2","MEDIUM","B6"
"77","arxiv:1712.08205","3","MEDIUM","B1 | B2"
"78","arxiv:1801.03890","4","MEDIUM","B5"
"79","arxiv:1801.04241","5","HIGH","B5"
"80","arxiv:1801.05919","1","MEDIUM","B5"
"81","arxiv:1801.07132","2","MEDIUM","B7"
"82","arxiv:1801.10141","3","MEDIUM","B5"
"83","arxiv:1803.06867","4","MEDIUM","B2"
"84","arxiv:1803.09615","5","HIGH","B4"
"85","arxiv:1804.01226","1","MEDIUM","B8"
"86","arxiv:1804.04921","2","MEDIUM","B4"
"87","arxiv:1804.07643","3","HIGH","B7 | B8"
"88","arxiv:1804.07647","4","HIGH","B7"
"89","arxiv:1805.04449","5","MEDIUM","B4"
"90","arxiv:1805.06267","1","MEDIUM","B8"
"91","arxiv:1805.07718","2","HIGH","B6"
"92","arxiv:1806.02474","3","HIGH","B1"
"93","arxiv:1806.04586","4","HIGH","B1"
"94","arxiv:1806.05300","5","HIGH","B2"
"95","arxiv:1806.05776","1","HIGH","B5"
"96","arxiv:1806.08159","2","HIGH","B4"
"97","arxiv:1807.00078","3","MEDIUM","B4"
"98","arxiv:1807.02184","4","MEDIUM","B4"
"99","arxiv:1807.09899","5","HIGH","B2"
"100","arxiv:1808.00692","1","HIGH","B1 | B7"
"101","arxiv:1808.06777","2","HIGH","B5"
"102","arxiv:1808.08424","3","HIGH","B2"
"103","arxiv:1808.10821","4","MEDIUM","B8"
"104","arxiv:1809.02595","5","HIGH","B4 | B7 | B8"
"105","arxiv:1809.07295","1","HIGH","B1 | B2 | B7 | B8"
"106","arxiv:1809.09310","2","MEDIUM","B8"
"107","arxiv:1809.09566","3","HIGH","B8"
"108","arxiv:1810.00556","4","HIGH","B2 | B7 | B8"
"109","arxiv:1811.00409","5","HIGH","B5"
"110","arxiv:1811.05578","1","MEDIUM","B8"
"111","arxiv:1811.09732","2","MEDIUM","B6"
"112","arxiv:1812.01776","3","MEDIUM","B4 | B6"
"113","arxiv:1812.02395","4","MEDIUM","B1"
"114","arxiv:1812.07123","5","MEDIUM","B1"
"115","arxiv:1901.00041","1","HIGH","B6"
"116","arxiv:1901.06545","2","HIGH","B1 | B2"
"117","arxiv:1902.02023","3","HIGH","B5"
"118","arxiv:1902.08042","4","MEDIUM","B1"
"119","arxiv:1903.01450","5","MEDIUM","B8"
"120","arxiv:1903.12226","1","HIGH","B2 | B3 | B7 | B8"
"121","arxiv:1904.08761","2","MEDIUM","B8"
"122","arxiv:1905.02870","3","HIGH","B5"
"123","arxiv:1905.05411","4","MEDIUM","B7"
"124","arxiv:1905.13064","5","HIGH","B1 | B2"
"125","arxiv:1905.13352","1","HIGH","B4"
"126","arxiv:1907.00282","2","MEDIUM","B8"
"127","arxiv:1907.00511","3","MEDIUM","B8"
"128","arxiv:1907.05636","4","MEDIUM","B7"
"129","arxiv:1907.06268","5","MEDIUM","B8"
"130","arxiv:1908.06466","1","MEDIUM","B8"
"131","arxiv:1909.03111","2","HIGH","B2"
"132","arxiv:1909.04335","3","HIGH","B5"
"133","arxiv:1909.05392","4","HIGH","B4"
"134","arxiv:1909.06709","5","HIGH","B5"
"135","arxiv:1909.09923","1","MEDIUM","B4"
"136","arxiv:1910.01078","2","HIGH","B8"
"137","arxiv:1910.04631","3","MEDIUM","B5"
"138","arxiv:1910.13290","4","HIGH","B5"
"139","arxiv:1912.02469","5","MEDIUM","B1"
"140","arxiv:1912.06322","1","HIGH","B6"
"141","arxiv:1912.09747","2","HIGH","B3"
"142","arxiv:2001.00358","3","MEDIUM","B8"
"143","arxiv:2001.04218","4","HIGH","B5"
"144","arxiv:2002.03541","5","MEDIUM","B1"
"145","arxiv:2002.10858","1","HIGH","B1"
"146","arxiv:2003.00138","2","HIGH","B6"
"147","arxiv:2003.00368","3","MEDIUM","B8"
"148","arxiv:2003.03604","4","HIGH","B2 | B5"
"149","arxiv:2003.09539","5","HIGH","B2 | B3"
"150","arxiv:2004.09469","1","HIGH","B1"
"151","arxiv:2004.12280","2","MEDIUM","B3"
"152","arxiv:2005.03778","3","MEDIUM","B8"
"153","arxiv:2005.06921","4","HIGH","B5"
"154","arxiv:2005.08256","5","MEDIUM","B7"
"155","arxiv:2006.02464","1","MEDIUM","B6"
"156","arxiv:2006.06628","2","MEDIUM","B6"
"157","arxiv:2006.16081","3","MEDIUM","B8"
"158","arxiv:2007.02696","4","MEDIUM","B7"
"159","arxiv:2007.05832","5","MEDIUM","B6"
"160","arxiv:2007.13030","1","HIGH","B1"
"161","arxiv:2008.03075","2","MEDIUM","B4"
"162","arxiv:2008.08509","3","HIGH","B4 | B8"
"163","arxiv:2009.00506","4","HIGH","B7"
"164","arxiv:2010.05969","5","MEDIUM","B4"
"165","arxiv:2010.06580","1","MEDIUM","B8"
"166","arxiv:2010.09661","2","MEDIUM","B5"
"167","arxiv:2010.12114","3","MEDIUM","B4"
"168","arxiv:2010.13103","4","HIGH","B6"
"169","arxiv:2010.13681","5","HIGH","B2 | B3"
"170","arxiv:2011.01112","1","MEDIUM","B6"
"171","arxiv:2011.03897","2","HIGH","B6"
"172","arxiv:2011.06425","3","HIGH","B7"
"173","arxiv:2011.11744","4","HIGH","B1 | B2"
"174","arxiv:2012.02732","5","HIGH","B6"
"175","arxiv:2012.05172","1","MEDIUM","B5"
"176","arxiv:2101.02074","2","HIGH","B2 | B3 | B4 | B7 | B8"
"177","arxiv:2101.06537","3","HIGH","B4"
"178","arxiv:2101.09584","4","MEDIUM","B8"
"179","arxiv:2101.10113","5","MEDIUM","B8"
"180","arxiv:2102.05559","1","HIGH","B7"
"181","arxiv:2102.11623","2","MEDIUM","B7"
"182","arxiv:2102.12520","3","MEDIUM","B8"
"183","arxiv:2103.00031","4","HIGH","B8"
"184","arxiv:2103.00167","5","HIGH","B2"
"185","arxiv:2103.01314","1","HIGH","B4"
"186","arxiv:2103.01782","2","HIGH","B2"
"187","arxiv:2103.04933","3","HIGH","B2 | B3"
"188","arxiv:2103.07149","4","HIGH","B5"
"189","arxiv:2104.01272","5","HIGH","B8"
"190","arxiv:2104.04512","1","HIGH","B2"
"191","arxiv:2104.07005","2","HIGH","B5"
"192","arxiv:2104.07830","3","HIGH","B7"
"193","arxiv:2104.13873","4","HIGH","B1"
"194","arxiv:2104.15099","5","HIGH","B1"
"195","arxiv:2105.01641","1","MEDIUM","B5"
"196","arxiv:2105.01803","2","MEDIUM","B6"
"197","arxiv:2105.03092","3","HIGH","B3"
"198","arxiv:2105.05590","4","HIGH","B7 | B8"
"199","arxiv:2105.07609","5","HIGH","B5"
"200","arxiv:2105.10312","1","HIGH","B6"
"201","arxiv:2106.01650","2","MEDIUM","B8"
"202","arxiv:2106.06945","3","HIGH","B5"
"203","arxiv:2106.09206","4","HIGH","B4"
"204","arxiv:2107.02625","5","HIGH","B1"
"205","arxiv:2107.03937","1","HIGH","B1"
"206","arxiv:2108.00344","2","HIGH","B2"
"207","arxiv:2108.03492","3","HIGH","B4"
"208","arxiv:2108.06503","4","HIGH","B2"
"209","arxiv:2108.07085","5","HIGH","B7"
"210","arxiv:2108.07504","1","HIGH","B5"
"211","arxiv:2108.13801","2","MEDIUM","B4"
"212","arxiv:2109.04893","3","HIGH","B2"
"213","arxiv:2109.06979","4","HIGH","B8"
"214","arxiv:2109.09409","5","HIGH","B1"
"215","arxiv:2109.14111","1","MEDIUM","B1"
"216","arxiv:2110.03011","2","HIGH","B5 | B7"
"217","arxiv:2110.03471","3","HIGH","B3 | B7"
"218","arxiv:2110.05819","4","MEDIUM","B7"
"219","arxiv:2110.15328","5","HIGH","B5"
"220","arxiv:2111.00401","1","MEDIUM","B5"
"221","arxiv:2111.02821","2","MEDIUM","B7"
"222","arxiv:2111.04289","3","HIGH","B6"
"223","arxiv:2111.14255","4","HIGH","B6"
"224","arxiv:2112.10303","5","MEDIUM","B8"
"225","arxiv:2112.11337","1","HIGH","B2"
"226","arxiv:2201.00393","2","HIGH","B2 | B3 | B7 | B8"
"227","arxiv:2201.03175","3","MEDIUM","B4"
"228","arxiv:2201.06325","4","HIGH","B1 | B2"
"229","arxiv:2201.07312","5","MEDIUM","B6"
"230","arxiv:2202.00379","1","MEDIUM","B8"
"231","arxiv:2202.03018","2","HIGH","B5"
"232","arxiv:2202.05769","3","HIGH","B2 | B3 | B8"
"233","arxiv:2202.09189","4","MEDIUM","B4"
"234","arxiv:2202.09228","5","MEDIUM","B8"
"235","arxiv:2203.02553","1","MEDIUM","B1"
"236","arxiv:2203.12983","2","HIGH","B4"
"237","arxiv:2203.14076","3","HIGH","B3"
"238","arxiv:2204.10208","4","HIGH","B2 | B3 | B7 | B8"
"239","arxiv:2204.11778","5","HIGH","B2 | B3 | B7 | B8"
"240","arxiv:2205.00793","1","HIGH","B5"
"241","arxiv:2205.03929","2","HIGH","B2 | B7 | B8"
"242","arxiv:2205.04189","3","HIGH","B5"
"243","arxiv:2205.05314","4","MEDIUM","B7"
"244","arxiv:2205.05533","5","MEDIUM","B8"
"245","arxiv:2205.09778","1","HIGH","B3 | B7"
"246","arxiv:2206.00588","2","MEDIUM","B8"
"247","arxiv:2206.05871","3","HIGH","B3"
"248","arxiv:2206.14767","4","HIGH","B2 | B5"
"249","arxiv:2207.06116","5","MEDIUM","B1"
"250","arxiv:2207.06515","1","HIGH","B3 | B7"
"251","arxiv:2207.06875","2","MEDIUM","B2"
"252","arxiv:2207.11402","3","MEDIUM","B5"
"253","arxiv:2207.11428","4","HIGH","B6"
"254","arxiv:2208.02615","5","HIGH","B8"
"255","arxiv:2208.06051","1","MEDIUM","B8"
"256","arxiv:2208.06569","2","MEDIUM","B8"
"257","arxiv:2208.12568","3","MEDIUM","B3"
"258","arxiv:2209.01136","4","HIGH","B1 | B7"
"259","arxiv:2209.01774","5","MEDIUM","B7"
"260","arxiv:2209.02500","1","HIGH","B3"
"261","arxiv:2209.05487","2","HIGH","B6"
"262","arxiv:2209.06704","3","MEDIUM","B3"
"263","arxiv:2209.09206","4","HIGH","B5"
"264","arxiv:2209.12052","5","HIGH","B4"
"265","arxiv:2209.14030","1","HIGH","B7"
"266","arxiv:2210.00075","2","MEDIUM","B8"
"267","arxiv:2210.00956","3","HIGH","B5"
"268","arxiv:2210.13062","4","HIGH","B2"
"269","arxiv:2210.16639","5","HIGH","B5"
"270","arxiv:2211.01713","1","HIGH","B6"
"271","arxiv:2211.05359","2","HIGH","B5 | B8"
"272","arxiv:2211.07130","3","HIGH","B6"
"273","arxiv:2211.07752","4","MEDIUM","B5 | B8"
"274","arxiv:2211.15495","5","HIGH","B7"
"275","arxiv:2212.14161","1","HIGH","B2"
"276","arxiv:2301.01594","2","MEDIUM","B8"
"277","arxiv:2301.09622","3","MEDIUM","B8"
"278","arxiv:2301.12865","4","MEDIUM","B6"
"279","arxiv:2301.13572","5","HIGH","B3"
"280","arxiv:2302.01987","1","HIGH","B3"
"281","arxiv:2302.05092","2","HIGH","B2"
"282","arxiv:2302.12734","3","MEDIUM","B2"
"283","arxiv:2303.01084","4","MEDIUM","B1"
"284","arxiv:2303.09463","5","MEDIUM","B8"
"285","arxiv:2303.11733","1","HIGH","B6"
"286","arxiv:2304.13541","2","HIGH","B6"
"287","arxiv:2305.01519","3","HIGH","B6"
"288","arxiv:2305.09933","4","MEDIUM","B8"
"289","arxiv:2305.10638","5","HIGH","B3"
"290","arxiv:2306.03622","1","MEDIUM","B6"
"291","arxiv:2306.12830","2","HIGH","B6"
"292","arxiv:2307.04339","3","HIGH","B4 | B6"
"293","arxiv:2307.10658","4","HIGH","B2"
"294","arxiv:2308.02176","5","MEDIUM","B8"
"295","arxiv:2308.07470","1","HIGH","B6"
"296","arxiv:2308.09004","2","HIGH","B2"
"297","arxiv:2308.13803","3","HIGH","B6"
"298","arxiv:2309.00558","4","HIGH","B6"
"299","arxiv:2309.04918","5","MEDIUM","B5"
"300","arxiv:2309.06690","1","HIGH","B4"
"301","arxiv:2309.07496","2","HIGH","B2 | B3 | B7 | B8"
"302","arxiv:2309.09212","3","HIGH","B7 | B8"
"303","arxiv:2309.14687","4","MEDIUM","B7"
"304","arxiv:2310.02693","5","HIGH","B1"
"305","arxiv:2310.04848","1","HIGH","B6"
"306","arxiv:2310.08373","2","HIGH","B1 | B2"
"307","arxiv:2310.18740","3","HIGH","B2 | B3"
"308","arxiv:2310.19699","4","HIGH","B4"
"309","arxiv:2311.02948","5","HIGH","B7"
"310","arxiv:2311.07535","1","HIGH","B1 | B2 | B3"
"311","arxiv:2311.07842","2","HIGH","B1"
"312","arxiv:2311.08320","3","MEDIUM","B7"
"313","arxiv:2311.09032","4","HIGH","B2 | B7"
"314","arxiv:2311.10359","5","HIGH","B6"
"315","arxiv:2311.11095","1","HIGH","B2"
"316","arxiv:2311.11340","2","MEDIUM","B8"
"317","arxiv:2311.13333","3","HIGH","B2 | B3 | B4 | B7 | B8"
"318","arxiv:2311.13336","4","HIGH","B5"
"319","arxiv:2312.01214","5","HIGH","B7"
"320","arxiv:2312.04054","1","MEDIUM","B4"
"321","arxiv:2312.07852","2","HIGH","B2"
"322","arxiv:2312.10356","3","MEDIUM","B4"
"323","arxiv:2312.15123","4","HIGH","B4"
"324","arxiv:2312.16883","5","HIGH","B4"
"325","arxiv:2401.01412","1","HIGH","B1"
"326","arxiv:2401.05410","2","MEDIUM","B8"
"327","arxiv:2401.08595","3","HIGH","B2 | B3 | B7"
"328","arxiv:2401.12815","4","MEDIUM","B4"
"329","arxiv:2401.14351","5","HIGH","B6"
"330","arxiv:2402.01140","1","HIGH","B3"
"331","arxiv:2402.02357","2","HIGH","B3"
"332","arxiv:2402.04466","3","MEDIUM","B6"
"333","arxiv:2402.05981","4","HIGH","B6"
"334","arxiv:2402.13264","5","MEDIUM","B3"
"335","arxiv:2402.16068","1","MEDIUM","B7"
"336","arxiv:2403.00565","2","MEDIUM","B8"
"337","arxiv:2403.02310","3","MEDIUM","B6"
"338","arxiv:2403.06341","4","MEDIUM","B8"
"339","arxiv:2403.08772","5","HIGH","B5"
"340","arxiv:2403.11932","1","HIGH","B5"
"341","arxiv:2403.12949","2","MEDIUM","B4"
"342","arxiv:2403.12981","3","HIGH","B6"
"343","arxiv:2403.13629","4","MEDIUM","B2"
"344","arxiv:2403.14488","5","MEDIUM","B5"
"345","arxiv:2404.11498","1","HIGH","B2 | B7 | B8"
"346","arxiv:2404.12683","2","HIGH","B2 | B4 | B7 | B8"
"347","arxiv:2404.15467","3","MEDIUM","B1"
"348","arxiv:2404.18208","4","MEDIUM","B4"
"349","arxiv:2405.07381","5","HIGH","B5"
"350","arxiv:2405.08200","1","MEDIUM","B8"
"351","arxiv:2405.13349","2","HIGH","B1 | B2"
"352","arxiv:2405.15645","3","HIGH","B2 | B3 | B8"
"353","arxiv:2405.18384","4","MEDIUM","B1"
"354","arxiv:2406.04955","5","HIGH","B2"
"355","arxiv:2406.05719","1","HIGH","B3"
"356","arxiv:2406.06975","2","MEDIUM","B2"
"357","arxiv:2406.16713","3","MEDIUM","B1"
"358","arxiv:2406.17420","4","MEDIUM","B5"
"359","arxiv:2406.19711","5","HIGH","B2 | B3"
"360","arxiv:2407.00069","1","HIGH","B1 | B2 | B3 | B8"
"361","arxiv:2407.03825","2","MEDIUM","B1"
"362","arxiv:2407.06325","3","MEDIUM","B8"
"363","arxiv:2407.08694","4","HIGH","B3"
"364","arxiv:2407.08894","5","HIGH","B1"
"365","arxiv:2407.12437","1","MEDIUM","B5"
"366","arxiv:2407.13996","2","HIGH","B6"
"367","arxiv:2408.03696","3","HIGH","B3 | B7"
"368","arxiv:2408.05251","4","MEDIUM","B8"
"369","arxiv:2408.08440","5","HIGH","B2 | B7"
"370","arxiv:2408.11155","1","HIGH","B7"
"371","arxiv:2408.13729","2","MEDIUM","B3"
"372","arxiv:2409.06078","3","MEDIUM","B4 | B8"
"373","arxiv:2409.07080","4","MEDIUM","B8"
"374","arxiv:2409.09592","5","HIGH","B4"
"375","arxiv:2409.20266","1","HIGH","B1 | B7"
"376","arxiv:2410.00465","2","HIGH","B1"
"377","arxiv:2410.05562","3","HIGH","B3 | B7"
"378","arxiv:2410.06112","4","MEDIUM","B4"
"379","arxiv:2410.07381","5","HIGH","B6"
"380","arxiv:2410.07798","1","MEDIUM","B7"
"381","arxiv:2410.15533","2","HIGH","B2 | B5"
"382","arxiv:2410.16686","3","HIGH","B5 | B8"
"383","arxiv:2410.18825","4","HIGH","B8"
"384","arxiv:2410.23668","5","MEDIUM","B6"
"385","arxiv:2411.01336","1","HIGH","B2"
"386","arxiv:2411.01902","2","MEDIUM","B4"
"387","arxiv:2411.03455","3","MEDIUM","B8"
"388","arxiv:2411.05285","4","HIGH","B8"
"389","arxiv:2411.10337","5","HIGH","B6"
"390","arxiv:2411.11607","1","HIGH","B7 | B8"
"391","arxiv:2411.14367","2","HIGH","B7"
"392","arxiv:2411.16007","3","MEDIUM","B6"
"393","arxiv:2411.16355","4","MEDIUM","B1"
"394","arxiv:2411.19714","5","MEDIUM","B1"
"395","arxiv:2412.01799","1","HIGH","B8"
"396","arxiv:2412.07036","2","MEDIUM","B2"
"397","arxiv:2412.07485","3","HIGH","B8"
"398","arxiv:2412.08164","4","HIGH","B7"
"399","arxiv:2412.10243","5","MEDIUM","B7"
"400","arxiv:2412.13207","1","MEDIUM","B3"
"401","arxiv:2412.15385","2","MEDIUM","B4"
"402","arxiv:2412.18104","3","HIGH","B7"
"403","arxiv:2412.18812","4","HIGH","B4"
"404","arxiv:2501.02181","5","HIGH","B6"
"405","arxiv:2501.11545","1","HIGH","B3"
"406","arxiv:2501.13111","2","MEDIUM","B6"
"407","arxiv:2501.16909","3","HIGH","B4 | B6"
"408","arxiv:2502.00661","4","HIGH","B1"
"409","arxiv:2502.01277","5","HIGH","B6"
"410","arxiv:2502.06318","1","HIGH","B2 | B3"
"411","arxiv:2502.06581","2","HIGH","B6"
"412","arxiv:2502.11595","3","HIGH","B5"
"413","arxiv:2502.15524","4","MEDIUM","B6"
"414","arxiv:2502.15712","5","HIGH","B6"
"415","arxiv:2502.18240","1","MEDIUM","B3"
"416","arxiv:2502.21110","2","MEDIUM","B8"
"417","arxiv:2503.01475","3","MEDIUM","B3"
"418","arxiv:2503.05033","4","MEDIUM","B1"
"419","arxiv:2503.05117","5","HIGH","B7"
"420","arxiv:2503.05248","1","HIGH","B6"
"421","arxiv:2503.09546","2","HIGH","B6"
"422","arxiv:2503.16634","3","MEDIUM","B8"
"423","arxiv:2503.19555","4","HIGH","B4 | B5"
"424","arxiv:2504.04347","5","HIGH","B1"
"425","arxiv:2504.05793","1","MEDIUM","B5"
"426","arxiv:2504.09775","2","MEDIUM","B6"
"427","arxiv:2504.10438","3","MEDIUM","B5"
"428","arxiv:2504.11278","4","MEDIUM","B8"
"429","arxiv:2504.11750","5","MEDIUM","B4"
"430","arxiv:2504.19516","1","HIGH","B6"
"431","arxiv:2505.00930","2","HIGH","B3"
"432","arxiv:2505.06780","3","HIGH","B4"
"433","arxiv:2505.07417","4","HIGH","B4 | B8"
"434","arxiv:2505.07833","5","MEDIUM","B6"
"435","arxiv:2505.09040","1","MEDIUM","B8"
"436","arxiv:2505.21046","2","MEDIUM","B8"
"437","arxiv:2505.22067","3","MEDIUM","B8"
"438","arxiv:2506.01135","4","MEDIUM","B4"
"439","arxiv:2506.02007","5","HIGH","B2 | B6"
"440","arxiv:2506.02133","1","MEDIUM","B4 | B7"
"441","arxiv:2506.03059","2","MEDIUM","B4"
"442","arxiv:2506.04640","3","HIGH","B7"
"443","arxiv:2506.05780","4","HIGH","B5"
"444","arxiv:2506.06448","5","MEDIUM","B2 | B8"
"445","arxiv:2506.11176","1","HIGH","B8"
"446","arxiv:2506.14513","2","HIGH","B8"
"447","arxiv:2506.15537","3","HIGH","B2"
"448","arxiv:2506.16882","4","HIGH","B7"
"449","arxiv:2506.19677","5","MEDIUM","B6"
"450","arxiv:2506.19891","1","MEDIUM","B6"
"451","arxiv:2506.20094","2","MEDIUM","B6"
"452","arxiv:2506.22875","3","MEDIUM","B5"
"453","arxiv:2507.01075","4","HIGH","B2"
"454","arxiv:2507.01461","5","HIGH","B5"
"455","arxiv:2507.01550","1","HIGH","B7"
"456","arxiv:2507.02376","2","HIGH","B6"
"457","arxiv:2507.04425","3","HIGH","B5"
"458","arxiv:2507.08177","4","MEDIUM","B7"
"459","arxiv:2507.11250","5","MEDIUM","B7 | B8"
"460","arxiv:2507.16109","1","MEDIUM","B8"
"461","arxiv:2507.17120","2","HIGH","B6"
"462","arxiv:2507.19657","3","HIGH","B5"
"463","arxiv:2508.00011","4","HIGH","B5"
"464","arxiv:2508.00947","5","MEDIUM","B4"
"465","arxiv:2508.02736","1","HIGH","B2 | B8"
"466","arxiv:2508.05145","2","HIGH","B2"
"467","arxiv:2508.06133","3","MEDIUM","B4"
"468","arxiv:2508.08430","4","MEDIUM","B6"
"469","arxiv:2508.10413","5","HIGH","B3 | B5 | B7 | B8"
"470","arxiv:2508.11342","1","HIGH","B2 | B3 | B7 | B8"
"471","arxiv:2508.11366","2","HIGH","B5 | B7 | B8"
"472","arxiv:2508.11406","3","HIGH","B8"
"473","arxiv:2508.11485","4","MEDIUM","B1"
"474","arxiv:2508.12472","5","MEDIUM","B3"
"475","arxiv:2508.12839","1","HIGH","B6"
"476","arxiv:2508.16646","2","HIGH","B6"
"477","arxiv:2509.03018","3","HIGH","B3"
"478","arxiv:2509.03381","4","MEDIUM","B8"
"479","arxiv:2509.03855","5","MEDIUM","B7"
"480","arxiv:2509.06261","1","MEDIUM","B6"
"481","arxiv:2509.06451","2","HIGH","B5"
"482","arxiv:2509.12231","3","MEDIUM","B3"
"483","arxiv:2509.13714","4","HIGH","B5"
"484","arxiv:2509.13852","5","HIGH","B2 | B3"
"485","arxiv:2509.19486","1","MEDIUM","B4"
"486","arxiv:2509.26463","2","HIGH","B2"
"487","arxiv:2510.10581","3","MEDIUM","B3"
"488","arxiv:2510.11448","4","HIGH","B5 | B7 | B8"
"489","arxiv:2510.13664","5","HIGH","B1"
"490","arxiv:2510.16946","1","HIGH","B2 | B6"
"491","arxiv:2510.18300","2","HIGH","B3"
"492","arxiv:2510.18544","3","MEDIUM","B4"
"493","arxiv:2510.22288","4","HIGH","B5"
"494","arxiv:2510.22613","5","HIGH","B2 | B3"
"495","arxiv:2510.22928","1","MEDIUM","B8"
"496","arxiv:2510.23895","2","HIGH","B7"
"497","arxiv:2510.24113","3","MEDIUM","B4"
"498","arxiv:2511.00983","4","MEDIUM","B4"
"499","arxiv:2511.01420","5","MEDIUM","B1"
"500","arxiv:2511.05978","1","HIGH","B3"
"501","arxiv:2511.14462","2","HIGH","B1"
"502","arxiv:2511.15677","3","HIGH","B7"
"503","arxiv:2512.01357","4","HIGH","B6"
"504","arxiv:2512.06889","5","HIGH","B5"
"505","arxiv:2512.08476","1","MEDIUM","B8"
"506","arxiv:2512.09472","2","HIGH","B6"
"507","arxiv:2512.12314","3","HIGH","B2 | B8"
"508","arxiv:2512.16099","4","HIGH","B4 | B6"
"509","arxiv:2512.16926","5","HIGH","B7"
"510","arxiv:2512.16959","1","MEDIUM","B8"
"511","arxiv:2512.24637","2","HIGH","B6"
"512","arxiv:2601.04722","3","HIGH","B2"
"513","arxiv:2601.06344","4","HIGH","B7 | B8"
"514","arxiv:2601.09749","5","MEDIUM","B8"
"515","arxiv:2601.10722","1","HIGH","B2 | B7 | B8"
"516","arxiv:2601.11487","2","MEDIUM","B5"
"517","arxiv:2601.11743","3","HIGH","B6"
"518","arxiv:2601.13732","4","HIGH","B8"
"519","arxiv:2601.14921","5","MEDIUM","B6"
"520","arxiv:2601.18011","1","MEDIUM","B5"
"521","arxiv:2601.20130","2","MEDIUM","B5"
"522","arxiv:2601.20755","3","HIGH","B8"
"523","arxiv:2601.21011","4","HIGH","B7"
"524","arxiv:2601.21758","5","HIGH","B4"
"525","arxiv:2601.23147","1","HIGH","B1"
"526","arxiv:2602.02293","2","MEDIUM","B8"
"527","arxiv:2602.08296","3","MEDIUM","B4"
"528","arxiv:2602.08747","4","HIGH","B6"
"529","arxiv:2602.10133","5","HIGH","B8"
"530","arxiv:2602.11004","1","MEDIUM","B6"
"531","arxiv:2602.13252","2","HIGH","B7"
"532","arxiv:2602.13439","3","HIGH","B5"
"533","arxiv:2602.13718","4","MEDIUM","B4"
"534","arxiv:2602.18397","5","MEDIUM","B6"
"535","arxiv:2602.19603","1","HIGH","B7"
"536","arxiv:2602.21730","2","MEDIUM","B1"
"537","arxiv:2603.00549","3","MEDIUM","B6"
"538","arxiv:2603.02271","4","MEDIUM","B4"
"539","arxiv:2603.05087","5","MEDIUM","B6"
"540","arxiv:2603.06824","1","HIGH","B5"
"541","arxiv:2603.06850","2","HIGH","B5 | B8"
"542","arxiv:2603.07309","3","MEDIUM","B4"
"543","arxiv:2603.14688","4","HIGH","B2 | B3 | B8"
"544","arxiv:2603.14690","5","MEDIUM","B5"
"545","arxiv:2603.17472","1","HIGH","B5"
"546","arxiv:2603.18238","2","HIGH","B3 | B7 | B8"
"547","arxiv:2603.18613","3","MEDIUM","B8"
"548","arxiv:2603.19418","4","HIGH","B4"
"549","arxiv:2603.20285","5","HIGH","B5 | B8"
"550","arxiv:2603.20577","1","MEDIUM","B7"
"551","arxiv:2603.21692","2","HIGH","B8"
"552","arxiv:2603.22774","3","HIGH","B6"
"553","arxiv:2603.24712","4","MEDIUM","B8"
"554","arxiv:2603.25538","5","HIGH","B2"
"555","arxiv:2603.26498","1","MEDIUM","B6"
"556","arxiv:2603.26628","2","HIGH","B5"
"557","arxiv:2603.28121","3","HIGH","B1"
"558","arxiv:2603.29013","4","HIGH","B3"
"559","arxiv:2604.03391","5","HIGH","B3"
"560","arxiv:2604.04806","1","HIGH","B8"
"561","arxiv:2604.05672","2","MEDIUM","B8"
"562","arxiv:2604.06664","3","HIGH","B6"
"563","arxiv:2604.09083","4","MEDIUM","B6"
"564","arxiv:2604.09591","5","MEDIUM","B7"
"565","arxiv:2604.09963","1","MEDIUM","B8"
"566","arxiv:2604.11861","2","MEDIUM","B8"
"567","arxiv:2604.12961","3","HIGH","B1"
"568","arxiv:2604.13522","4","HIGH","B2 | B3"
"569","arxiv:2604.14552","5","MEDIUM","B6"
"570","arxiv:2604.16810","1","HIGH","B2"
"571","arxiv:2604.17111","2","MEDIUM","B4"
"572","arxiv:2604.17557","3","MEDIUM","B3"
"573","arxiv:2604.20032","4","HIGH","B6"
"574","arxiv:2604.20420","5","MEDIUM","B6"
"575","arxiv:2604.21361","1","HIGH","B1 | B3"
"576","arxiv:2604.24086","2","HIGH","B5"
"577","arxiv:2604.24447","3","MEDIUM","B6"
"578","arxiv:2604.25757","4","HIGH","B8"
"579","arxiv:2604.26422","5","MEDIUM","B4"
"580","arxiv:2604.28175","1","HIGH","B6"
"581","arxiv:2605.00351","2","HIGH","B3"
"582","arxiv:2605.00616","3","HIGH","B4"
"583","arxiv:2605.05527","4","HIGH","B4"
"584","arxiv:2605.08835","5","HIGH","B4"
"585","arxiv:2605.11381","1","MEDIUM","B6"
"586","arxiv:2605.13309","2","HIGH","B8"
"587","arxiv:2605.13357","3","HIGH","B8"
"588","arxiv:2605.13749","4","MEDIUM","B4"
"589","arxiv:2605.14237","5","MEDIUM","B8"
"590","arxiv:2605.14866","1","MEDIUM","B3"
"591","arxiv:2605.17701","2","MEDIUM","B6 | B8"
"592","arxiv:2605.19255","3","HIGH","B5"
"593","arxiv:2605.23386","4","HIGH","B8"
"594","arxiv:2605.24044","5","HIGH","B4 | B6"
"595","arxiv:2605.25639","1","HIGH","B8"
"596","arxiv:2605.28185","2","MEDIUM","B7"
"597","arxiv:2605.29973","3","HIGH","B7"
"598","arxiv:2606.00552","4","MEDIUM","B4"
"599","arxiv:2606.02982","5","HIGH","B4"
"600","arxiv:2606.03134","1","MEDIUM","B8"
"601","arxiv:2606.04990","2","MEDIUM","B3"
"602","arxiv:2606.07362","3","HIGH","B6"
"603","arxiv:2606.08094","4","MEDIUM","B6"
"604","arxiv:2606.08275","5","HIGH","B3"
"605","arxiv:2606.09203","1","HIGH","B2 | B7 | B8"
"606","arxiv:2606.09692","2","MEDIUM","B8"
"607","arxiv:2606.09942","3","HIGH","B3"
"608","arxiv:2606.10746","4","HIGH","B3"
"609","arxiv:2606.11934","5","HIGH","B5"
"610","arxiv:2606.13532","1","HIGH","B3"
"611","arxiv:2606.13899","2","MEDIUM","B4"
"612","arxiv:2606.14805","3","MEDIUM","B3 | B8"
"613","arxiv:2606.15559","4","HIGH","B3"
"614","arxiv:2606.17511","5","HIGH","B8"
"615","arxiv:2606.17574","1","MEDIUM","B8"
"616","arxiv:2606.20374","2","HIGH","B3 | B6"
"617","arxiv:2606.21328","3","MEDIUM","B7"
"618","arxiv:2606.24148","4","HIGH","B5"
"619","arxiv:2606.28285","5","MEDIUM","B1"
"620","arxiv:2607.00740","1","MEDIUM","B8"
"621","arxiv:2607.01088","2","MEDIUM","B8"
"622","arxiv:2607.02043","3","HIGH","B4"
"623","arxiv:2607.02501","4","MEDIUM","B6"
"624","arxiv:2607.02646","5","MEDIUM","B8"
"625","arxiv:2607.04129","1","HIGH","B7 | B8"
"626","arxiv:2607.04770","2","MEDIUM","B8"
"627","arxiv:2607.05272","3","HIGH","B6"
"628","arxiv:2607.05957","4","MEDIUM","B5"
"629","arxiv:2607.05989","5","MEDIUM","B8"
"630","arxiv:2607.07702","1","MEDIUM","B3"
"631","arxiv:2607.10394","2","HIGH","B7"
"632","arxiv:2607.11356","3","MEDIUM","B6"
"633","arxiv:2607.11368","4","MEDIUM","B6"
"634","arxiv:2607.12598","5","HIGH","B3"
"635","arxiv:2607.12614","1","HIGH","B4"
"636","arxiv:2607.12659","2","MEDIUM","B6"
"637","arxiv:2607.13184","3","MEDIUM","B3"
"638","arxiv:2607.13548","4","MEDIUM","B3"
"639","arxiv:2607.14826","5","MEDIUM","B8"
"640","arxiv:2607.14853","1","HIGH","B5"
"641","arxiv:2607.15889","2","HIGH","B1"
"642","arxiv:2607.16161","3","HIGH","B8"
"643","arxiv:2607.16200","4","HIGH","B2 | B8"
"644","arxiv:2607.16596","5","MEDIUM","B6"
"645","arxiv:2607.17213","1","HIGH","B8"
"646","arxiv:2607.17722","2","MEDIUM","B3"
"647","arxiv:2607.18957","3","MEDIUM","B6"
"648","arxiv:2607.19102","4","MEDIUM","B2"
"649","arxiv:2607.20050","5","HIGH","B2 | B8"
"650","arxiv:2607.22242","1","HIGH","B4"
"651","arxiv:2607.22385","2","MEDIUM","B8"
"652","arxiv:2607.23220","3","HIGH","B7"
"653","arxiv:2607.25695","4","HIGH","B8"
"654","arxiv:2607.27290","5","MEDIUM","B3"
"655","arxiv:2607.28223","1","HIGH","B4"
"656","arxiv:2608.00061","2","HIGH","B5"
"657","arxiv:2608.01975","3","HIGH","B2"
"658","arxiv:2608.02242","4","HIGH","B5"
"659","arxiv:2608.07637","5","MEDIUM","B8"
"660","arxiv:2608.08338","1","HIGH","B4"
"661","arxiv:2608.08382","2","HIGH","B4 | B6"
"662","arxiv:2608.09556","3","HIGH","B4"
"663","arxiv:2608.09892","4","MEDIUM","B8"
"664","arxiv:2608.13486","5","HIGH","B1"
"665","arxiv:2608.14386","1","MEDIUM","B5"
"666","arxiv:2608.15380","2","HIGH","B5 | B7"
"667","arxiv:2608.21310","3","MEDIUM","B3"
"668","arxiv:2608.22591","4","MEDIUM","B5"
"669","arxiv:2608.23084","5","MEDIUM","B3"
"670","arxiv:2608.27334","1","HIGH","B8"
"671","arxiv:cs/0011006","2","MEDIUM","B8"
"672","arxiv:cs/0309042","3","MEDIUM","B2"
"673","arxiv:cs/0510070","4","HIGH","B5"
"674","doi:10.1016/j.heliyon.2024.e36755","5","HIGH","B1"
"675","doi:10.1016/j.isatra.2018.02.022","1","HIGH","B5"
"676","doi:10.1038/s41598-025-09272-9","2","MEDIUM","B7"
"677","doi:10.1038/s41598-025-30817-5","3","MEDIUM","B5"
"678","doi:10.1109/ccgrid68966.2026.00036","4","HIGH","B3 | B8"
"679","doi:10.1109/embc46164.2021.9629500","5","MEDIUM","B1"
"680","doi:10.1109/icst69053.2026.00037","1","HIGH","B3 | B8"
"681","doi:10.1109/tcst.2013.2253464","2","MEDIUM","B5"
"682","doi:10.1109/tcst.2017.2772903","3","MEDIUM","B8"
"683","doi:10.1109/tcyb.2015.2448031","4","HIGH","B5"
"684","doi:10.1109/tcyb.2020.2987758","5","HIGH","B1 | B5"
"685","doi:10.1109/tnnls.2012.2187926","1","MEDIUM","B5"
"686","doi:10.1145/3832783.3837440","2","HIGH","B6"
"687","doi:10.1371/journal.pone.0322484","3","HIGH","B7"
"688","doi:10.3389/frobt.2023.1081875","4","HIGH","B7"
"689","doi:10.3389/frobt.2025.1592523","5","MEDIUM","B8"
"690","doi:10.3390/e27090927","1","HIGH","B1 | B7"
"691","doi:10.3390/mi9070325","2","HIGH","B7"
"692","doi:10.3390/s140814744","3","HIGH","B1"
"693","doi:10.3390/s17040700","4","MEDIUM","B5"
"694","doi:10.3390/s17051027","5","HIGH","B1"
"695","doi:10.3390/s17122894","1","HIGH","B1"
"696","doi:10.3390/s18082718","2","HIGH","B1"
"697","doi:10.3390/s19163499","3","MEDIUM","B1"
"698","doi:10.3390/s20205784","4","HIGH","B1"
"699","doi:10.3390/s21041344","5","HIGH","B7"
"700","doi:10.3390/s21082791","1","HIGH","B5"
"701","doi:10.3390/s21217107","2","MEDIUM","B5"
"702","doi:10.3390/s22103671","3","MEDIUM","B1"
"703","doi:10.3390/s22135021","4","HIGH","B1"
"704","doi:10.3390/s22155535","5","MEDIUM","B7"
"705","doi:10.3390/s24020691","1","MEDIUM","B1"
"706","doi:10.3390/s24072369","2","HIGH","B1"
"707","doi:10.3390/s24186155","3","HIGH","B1"
"708","doi:10.3390/s25113396","4","MEDIUM","B3"
"709","doi:10.3390/s25154666","5","MEDIUM","B7"
"710","doi:10.3390/s25247555","1","HIGH","B1 | B7"
"711","doi:10.3390/s26072121","2","HIGH","B1"
"712","doi:10.3390/s26082519","3","HIGH","B1"
"713","doi:10.3390/s26092758","4","MEDIUM","B1"
"714","doi:10.3390/s26123787","5","HIGH","B1"
"715","doi:10.3390/s26144335","1","HIGH","B1"
"716","doi:10.3390/s26154778","2","MEDIUM","B7"
"717","doi:10.6028/jres.125.008","3","HIGH","B1"
"718","pmcid:pmc11154481","4","MEDIUM","B1"
"719","pmcid:pmc12308702","5","HIGH","B2"
"720","pmcid:pmc12453694","1","HIGH","B2"
"721","pmcid:pmc12608121","2","HIGH","B2"
"722","pmcid:pmc3621972","3","MEDIUM","B2"
"723","pmcid:pmc5796788","4","HIGH","B2"
"724","pmcid:pmc6810609","5","HIGH","B2"
"725","pmcid:pmc8915136","1","HIGH","B2"
"726","pmid:22941992","2","HIGH","B2"
"727","pmid:37022365","3","MEDIUM","B2"
